time,open,high,low,close,volume
2026-07-09T14:00:00+00:00,186.19500000000016,186.30700000000016,186.17800000000017,186.26600000000016,6170
2026-07-09T14:15:00+00:00,186.26600000000016,186.26900000000018,186.18900000000016,186.23000000000016,4904
2026-07-09T14:30:00+00:00,186.23000000000016,186.25700000000018,186.17100000000016,186.18500000000017,5049
2026-07-09T14:45:00+00:00,186.18500000000017,186.20700000000016,186.10300000000018,186.12000000000018,6794
2026-07-09T15:00:00+00:00,186.12000000000018,186.18900000000016,186.10300000000018,186.12500000000017,5180
2026-07-09T15:15:00+00:00,186.12500000000017,186.14500000000015,186.09300000000016,186.12100000000018,3274
2026-07-09T15:30:00+00:00,186.12100000000018,186.14400000000018,186.08200000000016,186.14200000000017,3265
2026-07-09T15:45:00+00:00,186.14200000000017,186.15700000000015,186.11400000000017,186.12900000000016,3766
2026-07-09T16:00:00+00:00,186.12900000000016,186.14800000000017,186.11100000000016,186.13300000000015,3296
2026-07-09T16:15:00+00:00,186.13300000000015,186.15000000000018,186.10800000000017,186.11300000000017,2718
2026-07-09T16:30:00+00:00,186.11300000000017,186.15900000000016,186.09100000000018,186.14700000000016,2955
2026-07-09T16:45:00+00:00,186.14700000000016,186.15700000000015,186.10500000000016,186.12800000000016,2333
2026-07-09T17:00:00+00:00,186.12800000000016,186.13700000000017,186.09000000000017,186.11800000000017,2574
2026-07-09T17:15:00+00:00,186.11800000000017,186.14800000000017,186.10600000000017,186.13400000000016,2364
2026-07-09T17:30:00+00:00,186.13400000000016,186.14400000000018,186.09400000000016,186.10600000000017,1557
2026-07-09T17:45:00+00:00,186.10600000000017,186.12200000000016,186.08800000000016,186.10700000000017,1975
2026-07-09T18:00:00+00:00,186.10700000000017,186.12300000000016,186.09000000000017,186.10100000000017,2561
2026-07-09T18:15:00+00:00,186.10100000000017,186.12200000000016,186.09500000000017,186.11200000000017,2847
2026-07-09T18:30:00+00:00,186.11200000000017,186.11900000000017,186.08900000000017,186.09400000000016,2548
2026-07-09T18:45:00+00:00,186.09400000000016,186.11200000000017,186.08000000000015,186.09400000000016,1910
2026-07-09T19:00:00+00:00,186.09400000000016,186.09800000000016,186.07700000000017,186.08900000000017,2020
2026-07-09T19:15:00+00:00,186.08900000000017,186.10700000000017,186.07500000000016,186.08000000000015,2182
2026-07-09T19:30:00+00:00,186.08000000000015,186.08400000000017,186.04000000000016,186.05500000000018,2690
2026-07-09T19:45:00+00:00,186.05500000000018,186.08100000000016,186.05300000000017,186.05900000000017,2570
2026-07-09T20:00:00+00:00,186.05900000000017,186.08800000000016,186.03100000000018,186.07900000000018,2034
2026-07-09T20:15:00+00:00,186.07900000000018,186.09000000000017,186.05300000000017,186.06800000000015,1430
2026-07-09T20:30:00+00:00,186.06800000000015,186.10700000000017,186.06800000000015,186.10200000000017,921
2026-07-09T20:45:00+00:00,186.10200000000017,186.10400000000016,186.06800000000015,186.06800000000015,808
2026-07-09T21:00:00+00:00,186.06800000000015,186.09000000000017,186.06500000000017,186.07800000000017,110.56260081767695
2026-07-09T21:15:00+00:00,186.07800000000017,186.10400000000016,186.03500000000017,186.03500000000017,908
2026-07-09T21:30:00+00:00,186.03500000000017,186.08300000000017,186.03400000000016,186.07300000000018,500.7278543307087
2026-07-09T21:45:00+00:00,186.07300000000018,186.10300000000018,186.04600000000016,186.06300000000016,1450
2026-07-09T22:00:00+00:00,186.06300000000016,186.13600000000017,186.05600000000015,186.13100000000017,1393
2026-07-09T22:15:00+00:00,186.13100000000017,186.13400000000016,186.11400000000017,186.12300000000016,391
2026-07-09T22:30:00+00:00,186.12300000000016,186.12300000000016,186.10700000000017,186.10800000000017,257
2026-07-09T22:45:00+00:00,186.10800000000017,186.12100000000018,186.10500000000016,186.11700000000016,317
2026-07-09T23:00:00+00:00,186.11700000000016,186.12500000000017,186.10100000000017,186.10200000000017,640
2026-07-09T23:15:00+00:00,186.10200000000017,186.12600000000018,186.09900000000016,186.12200000000016,734
2026-07-09T23:30:00+00:00,186.12200000000016,186.12400000000017,186.10900000000018,186.12400000000017,674
2026-07-09T23:45:00+00:00,186.12400000000017,186.13600000000017,186.11500000000018,186.12300000000016,1152
2026-07-10T00:00:00+00:00,186.12300000000016,186.16000000000017,186.07800000000017,186.14000000000016,3675
2026-07-10T00:15:00+00:00,186.14000000000016,186.16900000000015,186.13100000000017,186.15600000000018,2670
2026-07-10T00:30:00+00:00,186.15600000000018,186.15600000000018,186.07300000000018,186.08800000000016,3982
2026-07-10T00:45:00+00:00,186.08800000000016,186.08800000000016,185.70500000000015,185.88000000000017,11971
2026-07-10T01:00:00+00:00,185.88000000000017,185.90400000000017,185.65200000000016,185.66000000000017,8783
2026-07-10T01:15:00+00:00,185.66000000000017,185.74500000000018,185.50900000000016,185.74000000000018,9667
2026-07-10T01:30:00+00:00,185.74000000000018,185.74200000000016,185.59400000000016,185.70700000000016,7902
2026-07-10T01:45:00+00:00,185.70700000000016,185.71300000000016,185.55800000000016,185.63200000000018,9269
2026-07-10T02:00:00+00:00,185.63200000000018,185.65500000000017,185.40300000000016,185.42700000000016,7417
2026-07-10T02:15:00+00:00,185.42700000000016,185.50000000000017,185.31300000000016,185.48100000000017,7147
2026-07-10T02:30:00+00:00,185.48100000000017,185.57500000000016,185.39900000000017,185.43200000000016,8977
2026-07-10T02:45:00+00:00,185.43200000000016,185.49000000000018,185.39100000000016,185.48400000000018,7366
2026-07-10T03:00:00+00:00,185.48400000000018,185.52600000000015,185.43400000000017,185.45900000000017,5289
2026-07-10T03:15:00+00:00,185.45900000000017,185.48300000000017,185.35800000000017,185.37100000000018,4716
2026-07-10T03:30:00+00:00,185.37100000000018,185.40500000000017,185.31400000000016,185.38300000000015,4214
2026-07-10T03:45:00+00:00,185.38300000000015,185.46300000000016,185.36100000000016,185.41500000000016,3730
2026-07-10T04:00:00+00:00,185.41500000000016,185.45600000000016,185.40600000000018,185.45300000000017,2997
2026-07-10T04:15:00+00:00,185.45300000000017,185.52800000000016,185.42900000000017,185.49300000000017,3429
2026-07-10T04:30:00+00:00,185.49300000000017,185.50200000000015,185.44900000000015,185.47700000000017,2512
2026-07-10T04:45:00+00:00,185.47700000000017,185.50100000000018,185.42700000000016,185.43900000000016,2902
2026-07-10T05:00:00+00:00,185.43900000000016,185.45700000000016,185.25100000000018,185.25600000000017,4586
2026-07-10T05:15:00+00:00,185.25600000000017,185.39500000000015,185.25300000000016,185.35600000000017,4601
2026-07-10T05:30:00+00:00,185.35600000000017,185.38500000000016,185.32300000000018,185.36800000000017,4397
2026-07-10T05:45:00+00:00,185.36800000000017,185.37500000000017,185.25000000000017,185.34100000000018,5418
2026-07-10T06:00:00+00:00,185.34100000000018,185.34200000000016,185.22000000000017,185.30100000000016,5878
2026-07-10T06:15:00+00:00,185.30100000000016,185.37100000000018,185.23500000000016,185.35500000000016,7095
2026-07-10T06:30:00+00:00,185.35500000000016,185.39400000000018,185.30000000000015,185.33600000000015,5384
2026-07-10T06:45:00+00:00,185.33600000000015,185.39400000000018,185.33400000000017,185.37100000000018,4699
2026-07-10T07:00:00+00:00,185.37100000000018,185.43300000000016,185.35500000000016,185.41700000000017,5988
2026-07-10T07:15:00+00:00,185.41700000000017,185.53000000000017,185.40700000000015,185.52500000000018,6035
2026-07-10T07:30:00+00:00,185.52500000000018,185.56700000000018,185.42100000000016,185.44300000000015,6089
2026-07-10T07:45:00+00:00,185.44300000000015,185.47400000000016,185.41300000000015,185.42200000000017,5943
2026-07-10T08:00:00+00:00,185.42200000000017,185.43400000000017,185.31700000000018,185.35300000000018,8432
2026-07-10T08:15:00+00:00,185.35300000000018,185.41600000000017,185.34100000000018,185.40300000000016,5491
2026-07-10T08:30:00+00:00,185.40300000000016,185.41700000000017,185.22000000000017,185.27600000000015,6041
2026-07-10T08:45:00+00:00,185.27600000000015,185.33400000000017,185.22500000000016,185.30200000000016,4990
2026-07-10T09:00:00+00:00,185.30200000000016,185.38800000000018,185.28300000000016,185.37000000000018,5074
2026-07-10T09:15:00+00:00,185.37000000000018,185.42700000000016,185.32000000000016,185.42500000000015,5006
2026-07-10T09:30:00+00:00,185.42500000000015,185.48200000000017,185.39400000000018,185.40300000000016,5987
2026-07-10T09:45:00+00:00,185.40300000000016,185.45900000000017,185.40300000000016,185.41000000000017,4737
2026-07-10T10:00:00+00:00,185.41000000000017,185.41500000000016,185.35900000000018,185.39800000000017,4868
2026-07-10T10:15:00+00:00,185.39800000000017,185.42400000000018,185.34000000000017,185.36700000000016,4947
2026-07-10T10:30:00+00:00,185.36700000000016,185.39500000000015,185.35400000000016,185.39300000000017,5821
2026-07-10T10:45:00+00:00,185.39300000000017,185.49800000000016,185.39300000000017,185.44400000000016,4845
2026-07-10T11:00:00+00:00,185.44400000000016,185.48900000000017,185.38500000000016,185.40000000000018,5278
2026-07-10T11:15:00+00:00,185.40000000000018,185.46600000000018,185.36700000000016,185.43800000000016,5521
2026-07-10T11:30:00+00:00,185.43800000000016,185.49900000000017,185.40400000000017,185.46600000000018,5435
2026-07-10T11:45:00+00:00,185.46600000000018,185.52000000000015,185.45300000000017,185.49500000000018,4576
2026-07-10T12:00:00+00:00,185.49500000000018,185.52300000000017,185.46000000000018,185.47000000000017,7428
2026-07-10T12:15:00+00:00,185.47000000000017,185.48600000000016,185.43200000000016,185.44100000000017,5779
2026-07-10T12:30:00+00:00,185.44100000000017,185.48200000000017,185.36500000000018,185.37400000000017,6109
2026-07-10T12:45:00+00:00,185.37400000000017,185.41200000000018,185.32600000000016,185.40600000000018,5543
2026-07-10T13:00:00+00:00,185.40600000000018,185.41600000000017,185.29200000000017,185.30600000000015,5330
2026-07-10T13:15:00+00:00,185.30600000000015,185.30800000000016,185.24100000000016,185.26800000000017,3815
2026-07-10T13:30:00+00:00,185.26800000000017,185.33900000000017,185.26600000000016,185.33400000000017,5653
2026-07-10T13:45:00+00:00,185.33400000000017,185.33500000000018,185.22300000000016,185.24300000000017,6678
2026-07-10T14:00:00+00:00,185.24300000000017,185.29000000000016,185.20900000000017,185.28500000000017,4963
2026-07-10T14:15:00+00:00,185.28500000000017,185.35800000000017,185.25700000000018,185.31900000000016,4741
2026-07-10T14:30:00+00:00,185.31900000000016,185.35200000000017,185.17900000000017,185.31700000000018,10856
2026-07-10T14:45:00+00:00,185.31700000000018,185.36400000000017,185.30400000000017,185.33500000000018,7410
2026-07-10T15:00:00+00:00,185.33500000000018,185.36800000000017,185.26000000000016,185.27100000000016,6867
2026-07-10T15:15:00+00:00,185.27100000000016,185.32300000000018,185.11300000000017,185.15600000000018,9607
2026-07-10T15:30:00+00:00,185.15600000000018,185.15800000000016,185.02100000000016,185.06000000000017,7374
2026-07-10T15:45:00+00:00,185.06000000000017,185.11800000000017,184.94600000000017,185.00500000000017,6935
2026-07-10T16:00:00+00:00,185.00500000000017,185.09300000000016,184.98400000000018,185.05500000000018,7565
2026-07-10T16:15:00+00:00,185.05500000000018,185.09300000000016,185.02200000000016,185.05700000000016,5824
2026-07-10T16:30:00+00:00,185.05700000000016,185.12300000000016,185.05300000000017,185.10300000000018,4259
2026-07-10T16:45:00+00:00,185.10300000000018,185.14300000000017,185.07100000000017,185.09100000000018,5092
2026-07-10T17:00:00+00:00,185.09100000000018,185.11100000000016,185.06300000000016,185.08300000000017,3903
2026-07-10T17:15:00+00:00,185.08300000000017,185.08500000000018,185.03700000000018,185.04600000000016,3499
2026-07-10T17:30:00+00:00,185.04600000000016,185.04600000000016,185.00600000000017,185.02400000000017,3944
2026-07-10T17:45:00+00:00,185.02400000000017,185.08200000000016,185.02400000000017,185.05400000000017,4041
2026-07-10T18:00:00+00:00,185.05400000000017,185.09200000000016,185.03700000000018,185.08000000000015,4130
2026-07-10T18:15:00+00:00,185.08000000000015,185.08300000000017,185.05400000000017,185.07100000000017,2996
2026-07-10T18:30:00+00:00,185.07100000000017,185.08900000000017,185.04800000000017,185.06400000000016,3552
2026-07-10T18:45:00+00:00,185.06400000000016,185.08800000000016,185.04600000000016,185.07900000000018,3134
2026-07-10T19:00:00+00:00,185.07900000000018,185.10600000000017,185.06100000000018,185.10200000000017,2907
2026-07-10T19:15:00+00:00,185.10200000000017,185.10600000000017,185.07700000000017,185.08700000000016,2347
2026-07-10T19:30:00+00:00,185.08700000000016,185.10300000000018,185.06900000000016,185.10300000000018,2119
2026-07-10T19:45:00+00:00,185.10300000000018,185.12300000000016,185.08800000000016,185.12300000000016,2714
2026-07-10T20:00:00+00:00,185.12300000000016,185.15100000000015,185.08300000000017,185.11900000000017,2485
2026-07-10T20:15:00+00:00,185.11900000000017,185.13600000000017,185.07000000000016,185.08300000000017,1363
2026-07-10T20:30:00+00:00,185.08300000000017,185.09300000000016,185.05500000000018,185.07800000000017,1562
2026-07-10T20:45:00+00:00,185.07800000000017,185.11900000000017,185.02200000000016,185.04500000000016,1919
2026-07-12T21:00:00+00:00,185.04500000000016,185.09800000000016,185.04500000000016,185.09800000000016,208.67035398230087
2026-07-12T21:15:00+00:00,185.09800000000016,185.16300000000015,185.08100000000016,185.16200000000015,246
2026-07-12T21:30:00+00:00,185.16200000000015,185.21300000000016,185.09600000000015,185.20600000000016,790
2026-07-12T21:45:00+00:00,185.20600000000016,185.26200000000014,185.17300000000014,185.18500000000014,587
2026-07-12T22:00:00+00:00,185.18500000000014,185.33900000000017,185.17100000000016,185.25300000000016,3839
2026-07-12T22:15:00+00:00,185.25300000000016,185.32900000000015,185.25100000000015,185.27300000000017,2554
2026-07-12T22:30:00+00:00,185.27300000000017,185.34600000000015,185.27300000000017,185.33600000000015,1780
2026-07-12T22:45:00+00:00,185.33600000000015,185.39500000000015,185.31700000000015,185.35600000000017,1954
2026-07-12T23:00:00+00:00,185.35600000000017,185.39100000000016,185.33000000000015,185.36000000000016,2368
2026-07-12T23:15:00+00:00,185.36000000000016,185.37100000000015,185.33400000000015,185.35100000000017,2488
2026-07-12T23:30:00+00:00,185.35100000000017,185.39500000000015,185.34500000000017,185.38100000000014,1920
2026-07-12T23:45:00+00:00,185.38100000000014,185.41500000000016,185.33900000000017,185.35200000000015,4665
2026-07-13T00:00:00+00:00,185.35200000000015,185.41200000000015,185.29900000000015,185.31100000000015,7691
2026-07-13T00:15:00+00:00,185.31100000000015,185.40500000000014,185.31100000000015,185.39800000000017,6484
2026-07-13T00:30:00+00:00,185.39800000000017,185.42200000000017,185.35000000000016,185.36700000000016,5946
2026-07-13T00:45:00+00:00,185.36700000000016,185.45300000000015,185.35900000000015,185.44200000000015,6252
2026-07-13T01:00:00+00:00,185.44200000000015,185.47800000000015,185.38200000000015,185.38700000000014,6150
2026-07-13T01:15:00+00:00,185.38700000000014,185.39200000000017,185.27300000000017,185.29400000000015,5826
2026-07-13T01:30:00+00:00,185.29400000000015,185.35900000000015,185.27400000000014,185.29600000000016,4921
2026-07-13T01:45:00+00:00,185.29600000000016,185.35000000000016,185.28500000000017,185.34000000000015,6032
2026-07-13T02:00:00+00:00,185.34000000000015,185.43600000000015,185.32300000000015,185.38100000000014,4973
2026-07-13T02:15:00+00:00,185.38100000000014,185.40500000000014,185.36900000000014,185.39400000000015,4286
2026-07-13T02:30:00+00:00,185.39400000000015,185.44200000000015,185.37200000000016,185.43800000000016,3941
2026-07-13T02:45:00+00:00,185.43800000000016,185.44200000000015,185.38200000000015,185.40300000000016,4032
2026-07-13T03:00:00+00:00,185.40300000000016,185.42300000000014,185.38600000000017,185.39800000000017,4335
2026-07-13T03:15:00+00:00,185.39800000000017,185.43700000000015,185.39000000000016,185.43600000000015,4163
2026-07-13T03:30:00+00:00,185.43600000000015,185.45600000000016,185.43100000000015,185.45000000000016,4307
2026-07-13T03:45:00+00:00,185.45000000000016,185.47200000000015,185.42900000000014,185.47000000000017,3992
2026-07-13T04:00:00+00:00,185.47000000000017,185.47900000000016,185.45000000000016,185.47900000000016,3412
2026-07-13T04:15:00+00:00,185.47900000000016,185.49000000000015,185.41700000000014,185.42500000000015,3655
2026-07-13T04:30:00+00:00,185.42500000000015,185.48300000000015,185.42300000000014,185.47800000000015,3572
2026-07-13T04:45:00+00:00,185.47800000000015,185.48200000000017,185.44100000000014,185.46700000000016,3258
2026-07-13T05:00:00+00:00,185.46700000000016,185.50400000000016,185.45400000000015,185.50100000000015,4739
2026-07-13T05:15:00+00:00,185.50100000000015,185.51300000000015,185.44500000000016,185.49500000000015,4410
2026-07-13T05:30:00+00:00,185.49500000000015,185.51900000000015,185.47100000000015,185.51000000000016,5528
2026-07-13T05:45:00+00:00,185.51000000000016,185.78300000000016,185.48700000000017,185.69400000000016,8685
2026-07-13T06:00:00+00:00,185.69400000000016,185.77000000000015,185.66500000000016,185.73300000000015,6879
2026-07-13T06:15:00+00:00,185.73300000000015,185.79300000000015,185.66800000000015,185.78200000000015,7376
2026-07-13T06:30:00+00:00,185.78200000000015,185.83400000000015,185.74600000000015,185.76600000000016,7000
2026-07-13T06:45:00+00:00,185.76600000000016,185.78000000000014,185.68400000000017,185.70200000000017,5589
2026-07-13T07:00:00+00:00,185.70200000000017,185.80400000000014,185.37900000000016,185.65500000000014,12005
2026-07-13T07:15:00+00:00,185.65500000000014,185.75300000000016,185.63500000000016,185.69900000000015,5148
2026-07-13T07:30:00+00:00,185.69900000000015,185.94000000000017,185.69500000000016,185.93300000000016,7241
2026-07-13T07:45:00+00:00,185.93300000000016,186.00700000000015,185.89700000000016,185.92900000000014,6722
2026-07-13T08:00:00+00:00,185.92900000000014,186.16900000000015,185.91400000000016,186.11300000000017,10252
2026-07-13T08:15:00+00:00,186.11300000000017,186.19000000000017,186.11300000000017,186.16000000000017,7274
2026-07-13T08:30:00+00:00,186.16000000000017,186.19800000000015,186.13800000000015,186.17200000000017,5403
2026-07-13T08:45:00+00:00,186.17200000000017,186.17800000000017,186.07600000000016,186.08100000000016,4768
2026-07-13T09:00:00+00:00,186.08100000000016,186.10800000000015,185.96200000000016,185.96800000000016,5111
2026-07-13T09:15:00+00:00,185.96800000000016,185.99600000000015,185.88600000000017,185.91800000000015,4146
2026-07-13T09:30:00+00:00,185.91800000000015,185.93700000000015,185.86000000000016,185.89600000000016,4133
2026-07-13T09:45:00+00:00,185.89600000000016,185.92600000000016,185.85200000000015,185.91500000000016,4971
2026-07-13T10:00:00+00:00,185.91500000000016,186.02400000000014,185.91000000000017,185.98400000000015,5537
2026-07-13T10:15:00+00:00,185.98400000000015,186.02100000000016,185.97300000000016,186.02000000000015,4922
2026-07-13T10:30:00+00:00,186.02000000000015,186.03500000000017,185.96300000000016,186.00800000000015,5213
2026-07-13T10:45:00+00:00,186.00800000000015,186.07800000000015,186.00000000000014,186.06400000000016,5301
2026-07-13T11:00:00+00:00,186.06400000000016,186.07000000000016,185.96100000000015,185.99200000000016,6480
2026-07-13T11:15:00+00:00,185.99200000000016,186.02900000000017,185.95700000000016,185.99300000000017,5674
2026-07-13T11:30:00+00:00,185.99300000000017,186.01400000000015,185.97000000000017,185.98400000000015,5645
2026-07-13T11:45:00+00:00,185.98400000000015,186.02000000000015,185.96600000000015,185.99300000000017,5527
2026-07-13T12:00:00+00:00,185.99300000000017,186.03000000000014,185.93500000000014,185.97000000000017,6719
2026-07-13T12:15:00+00:00,185.97000000000017,186.00600000000014,185.95100000000016,185.99900000000017,5179
2026-07-13T12:30:00+00:00,185.99900000000017,186.07000000000016,185.99000000000015,186.02300000000017,5329
2026-07-13T12:45:00+00:00,186.02300000000017,186.03900000000016,185.95900000000015,186.03900000000016,5394
2026-07-13T13:00:00+00:00,186.03900000000016,186.04700000000017,185.98800000000017,185.99400000000014,6208
2026-07-13T13:15:00+00:00,185.99400000000014,185.99700000000016,185.94500000000016,185.95200000000017,5677
2026-07-13T13:30:00+00:00,185.95200000000017,186.04300000000015,185.94600000000017,185.97700000000015,8243
2026-07-13T13:45:00+00:00,185.97700000000015,185.98700000000017,185.88400000000016,185.90200000000016,7788
2026-07-13T14:00:00+00:00,185.90200000000016,185.95800000000017,185.86300000000017,185.93500000000014,8604
2026-07-13T14:15:00+00:00,185.93500000000014,185.94800000000015,185.80400000000014,185.88200000000015,12263
2026-07-13T14:30:00+00:00,185.88200000000015,185.89300000000014,185.82100000000017,185.88500000000016,6438
2026-07-13T14:45:00+00:00,185.88500000000016,185.92400000000015,185.82800000000015,185.90400000000017,7786
2026-07-13T15:00:00+00:00,185.90400000000017,185.92700000000016,185.79200000000014,185.80400000000014,6251
2026-07-13T15:15:00+00:00,185.80400000000014,185.81200000000015,185.76000000000016,185.76700000000017,5085
2026-07-13T15:30:00+00:00,185.76700000000017,185.80500000000015,185.74100000000016,185.79400000000015,5314
2026-07-13T15:45:00+00:00,185.79400000000015,185.83100000000016,185.76800000000014,185.80200000000016,5071
2026-07-13T16:00:00+00:00,185.80200000000016,185.82700000000017,185.78900000000016,185.82200000000014,4610
2026-07-13T16:15:00+00:00,185.82200000000014,185.82600000000016,185.70200000000017,185.72600000000017,5136
2026-07-13T16:30:00+00:00,185.72600000000017,185.72700000000015,185.63900000000015,185.70700000000016,7721
2026-07-13T16:45:00+00:00,185.70700000000016,185.74300000000017,185.65900000000016,185.74100000000016,7708
2026-07-13T17:00:00+00:00,185.74100000000016,185.76700000000017,185.70100000000016,185.70600000000016,4436
2026-07-13T17:15:00+00:00,185.70600000000016,185.72600000000017,185.68800000000016,185.71100000000015,4648
2026-07-13T17:30:00+00:00,185.71100000000015,185.75400000000016,185.69500000000016,185.75200000000015,4488
2026-07-13T17:45:00+00:00,185.75200000000015,185.75900000000016,185.70300000000015,185.71500000000015,3986
2026-07-13T18:00:00+00:00,185.71500000000015,185.73300000000015,185.67900000000014,185.71200000000016,4502
2026-07-13T18:15:00+00:00,185.71200000000016,185.74300000000017,185.68100000000015,185.68900000000016,3717
2026-07-13T18:30:00+00:00,185.68900000000016,185.69600000000017,185.67300000000014,185.67500000000015,3414
2026-07-13T18:45:00+00:00,185.67500000000015,185.68900000000016,185.61000000000016,185.61500000000015,4980
2026-07-13T19:00:00+00:00,185.61500000000015,185.65100000000015,185.61000000000016,185.63300000000015,4062
2026-07-13T19:15:00+00:00,185.63300000000015,185.65800000000016,185.62500000000014,185.63800000000015,3508
2026-07-13T19:30:00+00:00,185.63800000000015,185.66000000000017,185.61800000000017,185.65500000000014,3798
2026-07-13T19:45:00+00:00,185.65500000000014,185.66200000000015,185.63700000000014,185.65600000000015,3889
2026-07-13T20:00:00+00:00,185.65600000000015,185.65900000000016,185.60500000000016,185.62100000000015,2241
2026-07-13T20:15:00+00:00,185.62100000000015,185.62900000000016,185.58500000000015,185.59900000000016,1860
2026-07-13T20:30:00+00:00,185.59900000000016,185.61300000000017,185.58600000000015,185.60900000000015,949
2026-07-13T20:45:00+00:00,185.60900000000015,185.63200000000015,185.58100000000016,185.58600000000015,971
2026-07-13T21:00:00+00:00,185.58600000000015,185.58600000000015,185.54500000000016,185.58300000000017,135.42123675275235
2026-07-13T21:15:00+00:00,185.58300000000017,185.67700000000016,185.58300000000017,185.67600000000016,218
2026-07-13T21:30:00+00:00,185.67600000000016,185.70000000000016,185.59200000000016,185.61300000000017,686
2026-07-13T21:45:00+00:00,185.61300000000017,185.63000000000017,185.59200000000016,185.59200000000016,759
2026-07-13T22:00:00+00:00,185.59200000000016,185.67000000000016,185.59200000000016,185.63200000000015,565
2026-07-13T22:15:00+00:00,185.63200000000015,185.64800000000017,185.63000000000017,185.64100000000016,539
2026-07-13T22:30:00+00:00,185.64100000000016,185.65100000000015,185.62200000000016,185.63700000000014,541
2026-07-13T22:45:00+00:00,185.63700000000014,185.63700000000014,185.60000000000016,185.60900000000015,634
2026-07-13T23:00:00+00:00,185.60900000000015,185.61600000000016,185.58900000000017,185.59200000000016,1174
2026-07-13T23:15:00+00:00,185.59200000000016,185.60700000000017,185.57600000000016,185.57900000000015,904
2026-07-13T23:30:00+00:00,185.57900000000015,185.59400000000016,185.57200000000014,185.58500000000015,1169
2026-07-13T23:45:00+00:00,185.58500000000015,185.62900000000016,185.58000000000015,185.62400000000017,2716
2026-07-14T00:00:00+00:00,185.62400000000017,185.64500000000015,185.58600000000015,185.62400000000017,6757
2026-07-14T00:15:00+00:00,185.62400000000017,185.62800000000016,185.57600000000016,185.58300000000017,5979
2026-07-14T00:30:00+00:00,185.58300000000017,185.67500000000015,185.55200000000016,185.60600000000017,6020
2026-07-14T00:45:00+00:00,185.60600000000017,185.67800000000017,185.48600000000016,185.59900000000016,11007
2026-07-14T01:00:00+00:00,185.59900000000016,185.62900000000016,185.57600000000016,185.58500000000015,5716
2026-07-14T01:15:00+00:00,185.58500000000015,185.63600000000017,185.58500000000015,185.61100000000016,4266
2026-07-14T01:30:00+00:00,185.61100000000016,185.67700000000016,185.58500000000015,185.66000000000017,4358
2026-07-14T01:45:00+00:00,185.66000000000017,185.71400000000017,185.64600000000016,185.68300000000016,5003
2026-07-14T02:00:00+00:00,185.68300000000016,185.72600000000017,185.64600000000016,185.65300000000016,3138
2026-07-14T02:15:00+00:00,185.65300000000016,185.71700000000016,185.65100000000015,185.70800000000017,3142
2026-07-14T02:30:00+00:00,185.70800000000017,185.72100000000015,185.67900000000014,185.68200000000016,3699
2026-07-14T02:45:00+00:00,185.68200000000016,185.68300000000016,185.63000000000017,185.63300000000015,3817
2026-07-14T03:00:00+00:00,185.63300000000015,185.66900000000015,185.61000000000016,185.65500000000014,3728
2026-07-14T03:15:00+00:00,185.65500000000014,185.67400000000015,185.63100000000014,185.67100000000016,3743
2026-07-14T03:30:00+00:00,185.67100000000016,185.68900000000016,185.60200000000015,185.61400000000015,4511
2026-07-14T03:45:00+00:00,185.61400000000015,185.63700000000014,185.59700000000015,185.63500000000016,2948
2026-07-14T04:00:00+00:00,185.63500000000016,185.64600000000016,185.60100000000017,185.64000000000016,3497
2026-07-14T04:15:00+00:00,185.64000000000016,185.66500000000016,185.63000000000017,185.65300000000016,2955
2026-07-14T04:30:00+00:00,185.65300000000016,185.67000000000016,185.62200000000016,185.63000000000017,3068
2026-07-14T04:45:00+00:00,185.63000000000017,185.63300000000015,185.56800000000015,185.62000000000015,3117
2026-07-14T05:00:00+00:00,185.62000000000015,185.64700000000016,185.60800000000015,185.63800000000015,2712
2026-07-14T05:15:00+00:00,185.63800000000015,185.66500000000016,185.61700000000016,185.65600000000015,3230
2026-07-14T05:30:00+00:00,185.65600000000015,185.67000000000016,185.61100000000016,185.61600000000016,3908
2026-07-14T05:45:00+00:00,185.61600000000016,185.62200000000016,185.58100000000016,185.60500000000016,4026
2026-07-14T06:00:00+00:00,185.60500000000016,185.62600000000015,185.57300000000015,185.57700000000017,5041
2026-07-14T06:15:00+00:00,185.57700000000017,185.62100000000015,185.55200000000016,185.61700000000016,4658
2026-07-14T06:30:00+00:00,185.61700000000016,185.66900000000015,185.60400000000016,185.61100000000016,5608
2026-07-14T06:45:00+00:00,185.61100000000016,185.62200000000016,185.56400000000016,185.57900000000015,4414
2026-07-14T07:00:00+00:00,185.57900000000015,185.65400000000017,185.56700000000015,185.59900000000016,6327
2026-07-14T07:15:00+00:00,185.59900000000016,185.68500000000014,185.59400000000016,185.66800000000015,5303
2026-07-14T07:30:00+00:00,185.66800000000015,185.68200000000016,185.62300000000016,185.67400000000015,5652
2026-07-14T07:45:00+00:00,185.67400000000015,185.74200000000016,185.67400000000015,185.73400000000015,5955
2026-07-14T08:00:00+00:00,185.73400000000015,185.79500000000016,185.73000000000016,185.76000000000016,5821
2026-07-14T08:15:00+00:00,185.76000000000016,185.79600000000016,185.75000000000014,185.78700000000015,4592
2026-07-14T08:30:00+00:00,185.78700000000015,185.81500000000017,185.52200000000016,185.74200000000016,6242
2026-07-14T08:45:00+00:00,185.74200000000016,185.75200000000015,185.66300000000015,185.71600000000015,5502
2026-07-14T09:00:00+00:00,185.71600000000015,185.73200000000017,185.67900000000014,185.68700000000015,5229
2026-07-14T09:15:00+00:00,185.68700000000015,185.69200000000015,185.62900000000016,185.63300000000015,4329
2026-07-14T09:30:00+00:00,185.63300000000015,185.64200000000017,185.57600000000016,185.57700000000017,3885
2026-07-14T09:45:00+00:00,185.57700000000017,185.65700000000015,185.56700000000015,185.63900000000015,5008
2026-07-14T10:00:00+00:00,185.63900000000015,185.64300000000014,185.59800000000016,185.61900000000014,3541
2026-07-14T10:15:00+00:00,185.61900000000014,185.63400000000016,185.55400000000014,185.56300000000016,4004
2026-07-14T10:30:00+00:00,185.56300000000016,185.61300000000017,185.56200000000015,185.60000000000016,3780
2026-07-14T10:45:00+00:00,185.60000000000016,185.61500000000015,185.55900000000017,185.57200000000014,4109
2026-07-14T11:00:00+00:00,185.57200000000014,185.59900000000016,185.54000000000016,185.59500000000017,5175
2026-07-14T11:15:00+00:00,185.59500000000017,185.63300000000015,185.58100000000016,185.61300000000017,4812
2026-07-14T11:30:00+00:00,185.61300000000017,185.67800000000017,185.60100000000017,185.67700000000016,3905
2026-07-14T11:45:00+00:00,185.67700000000016,185.78100000000015,185.67400000000015,185.74300000000017,4680
2026-07-14T12:00:00+00:00,185.74300000000017,185.76100000000017,185.70800000000017,185.74600000000015,6129
2026-07-14T12:15:00+00:00,185.74600000000015,185.86900000000014,185.73600000000016,185.75300000000016,6253
2026-07-14T12:30:00+00:00,185.75300000000016,186.11300000000017,185.54200000000014,186.04100000000017,21117
2026-07-14T12:45:00+00:00,186.04100000000017,186.05900000000017,185.98500000000016,186.05300000000017,13720
2026-07-14T13:00:00+00:00,186.05300000000017,186.13900000000015,186.02400000000014,186.05200000000016,13343
2026-07-14T13:15:00+00:00,186.05200000000016,186.12300000000016,186.03600000000014,186.07200000000014,10114
2026-07-14T13:30:00+00:00,186.07200000000014,186.21300000000016,186.07200000000014,186.20500000000015,8977
2026-07-14T13:45:00+00:00,186.20500000000015,186.20500000000015,186.13000000000017,186.15500000000014,7674
2026-07-14T14:00:00+00:00,186.15500000000014,186.22200000000015,186.11800000000017,186.17200000000017,6809
2026-07-14T14:15:00+00:00,186.17200000000017,186.19700000000014,186.09900000000016,186.11300000000017,9917
2026-07-14T14:30:00+00:00,186.11300000000017,186.17800000000017,186.05800000000016,186.12600000000015,11251
2026-07-14T14:45:00+00:00,186.12600000000015,186.13700000000014,186.02000000000015,186.10700000000017,7161
2026-07-14T15:00:00+00:00,186.10700000000017,186.16400000000016,186.09400000000016,186.10900000000015,10850
2026-07-14T15:15:00+00:00,186.10900000000015,186.12100000000015,186.02200000000016,186.02300000000017,6036
2026-07-14T15:30:00+00:00,186.02300000000017,186.09600000000015,186.01300000000015,186.05500000000015,9257
2026-07-14T15:45:00+00:00,186.05500000000015,186.06900000000016,186.01200000000014,186.01200000000014,8481
2026-07-14T16:00:00+00:00,186.01200000000014,186.05300000000017,186.01000000000016,186.04100000000017,6014
2026-07-14T16:15:00+00:00,186.04100000000017,186.08900000000017,186.01000000000016,186.08400000000015,4622
2026-07-14T16:30:00+00:00,186.08400000000015,186.10600000000017,186.07500000000016,186.08700000000016,2956
2026-07-14T16:45:00+00:00,186.08700000000016,186.09500000000017,186.05400000000014,186.06100000000015,2806
2026-07-14T17:00:00+00:00,186.06100000000015,186.08800000000016,186.00500000000017,186.01000000000016,4571
2026-07-14T17:15:00+00:00,186.01000000000016,186.04300000000015,185.98700000000017,186.03500000000017,5667
2026-07-14T17:30:00+00:00,186.03500000000017,186.04500000000016,186.01000000000016,186.01700000000017,2331
2026-07-14T17:45:00+00:00,186.01700000000017,186.05200000000016,185.99700000000016,186.01100000000017,4035
2026-07-14T18:00:00+00:00,186.01100000000017,186.04700000000017,186.00300000000016,186.00800000000015,4131
2026-07-14T18:15:00+00:00,186.00800000000015,186.03300000000016,185.98500000000016,185.99900000000017,4732
2026-07-14T18:30:00+00:00,185.99900000000017,186.02800000000016,185.99100000000016,186.01100000000017,6321
2026-07-14T18:45:00+00:00,186.01100000000017,186.02200000000016,185.98500000000016,186.01400000000015,3464
2026-07-14T19:00:00+00:00,186.01400000000015,186.02200000000016,185.97800000000015,185.99500000000015,3094
2026-07-14T19:15:00+00:00,185.99500000000015,186.00700000000015,185.97000000000017,185.99300000000017,3942
2026-07-14T19:30:00+00:00,185.99300000000017,185.99800000000016,185.96600000000015,185.97400000000016,5457
2026-07-14T19:45:00+00:00,185.97400000000016,185.99200000000016,185.95100000000016,185.98200000000017,4651
2026-07-14T20:00:00+00:00,185.98200000000017,186.01900000000015,185.95700000000016,186.00500000000017,2476
2026-07-14T20:15:00+00:00,186.00500000000017,186.01700000000017,185.99100000000016,186.00500000000017,1853
2026-07-14T20:30:00+00:00,186.00500000000017,186.03600000000014,185.99900000000017,186.02400000000014,1367
2026-07-14T20:45:00+00:00,186.02400000000014,186.05000000000015,185.98500000000016,185.98500000000016,1781
2026-07-14T21:00:00+00:00,185.98500000000016,185.98500000000016,185.88600000000017,185.92500000000015,151.54795304895504
2026-07-14T21:15:00+00:00,185.92500000000015,185.93800000000016,185.92300000000014,185.93500000000014,388
2026-07-14T21:30:00+00:00,185.93500000000014,185.99000000000015,185.93000000000015,185.96900000000016,802
2026-07-14T21:45:00+00:00,185.96900000000016,185.97800000000015,185.94400000000016,185.97000000000017,1259
2026-07-14T22:00:00+00:00,185.97000000000017,186.02300000000017,185.96900000000016,186.00500000000017,1037
2026-07-14T22:15:00+00:00,186.00500000000017,186.01500000000016,185.99400000000014,186.00100000000015,1031
2026-07-14T22:30:00+00:00,186.00100000000015,186.00800000000015,185.98600000000016,185.99900000000017,827
2026-07-14T22:45:00+00:00,185.99900000000017,186.01500000000016,185.97900000000016,186.01400000000015,453
2026-07-14T23:00:00+00:00,186.01400000000015,186.02500000000015,186.00100000000015,186.00600000000014,1152
2026-07-14T23:15:00+00:00,186.00600000000014,186.01400000000015,185.97900000000016,185.99900000000017,972
2026-07-14T23:30:00+00:00,185.99900000000017,186.01400000000015,185.98400000000015,185.99800000000016,1642
2026-07-14T23:45:00+00:00,185.99800000000016,186.02700000000016,185.99500000000015,186.02700000000016,1342
2026-07-15T00:00:00+00:00,186.02700000000016,186.10000000000016,186.00200000000015,186.09000000000015,4466
2026-07-15T00:15:00+00:00,186.09000000000015,186.11000000000016,186.03100000000015,186.05000000000015,4400
2026-07-15T00:30:00+00:00,186.05000000000015,186.10400000000016,186.05000000000015,186.09600000000015,3797
2026-07-15T00:45:00+00:00,186.09600000000015,186.10500000000016,186.03300000000016,186.05800000000016,5822
2026-07-15T01:00:00+00:00,186.05800000000016,186.07900000000015,185.96100000000015,185.97800000000015,6549
2026-07-15T01:15:00+00:00,185.97800000000015,186.07300000000015,185.95700000000016,186.05700000000016,5361
2026-07-15T01:30:00+00:00,186.05700000000016,186.09000000000015,186.04600000000016,186.06000000000014,3420
2026-07-15T01:45:00+00:00,186.06000000000014,186.11000000000016,186.05900000000017,186.09200000000016,3228
2026-07-15T02:00:00+00:00,186.09200000000016,186.14000000000016,186.06400000000016,186.12300000000016,4137
2026-07-15T02:15:00+00:00,186.12300000000016,186.12400000000017,186.07900000000015,186.10000000000016,3125
2026-07-15T02:30:00+00:00,186.10000000000016,186.14300000000014,186.09000000000015,186.14200000000017,3526
2026-07-15T02:45:00+00:00,186.14200000000017,186.19600000000017,186.14000000000016,186.18300000000016,3093
2026-07-15T03:00:00+00:00,186.18300000000016,186.20900000000015,186.17700000000016,186.18700000000015,3303
2026-07-15T03:15:00+00:00,186.18700000000015,186.18700000000015,186.14800000000017,186.16100000000014,3958
2026-07-15T03:30:00+00:00,186.16100000000014,186.18700000000015,186.15600000000015,186.16700000000014,2903
2026-07-15T03:45:00+00:00,186.16700000000014,186.19300000000015,186.15600000000015,186.18700000000015,3097
2026-07-15T04:00:00+00:00,186.18700000000015,186.20700000000016,186.17000000000016,186.20600000000016,2842
2026-07-15T04:15:00+00:00,186.20600000000016,186.30100000000016,186.20000000000016,186.29000000000016,2203
2026-07-15T04:30:00+00:00,186.29000000000016,186.30100000000016,186.27200000000016,186.27600000000015,1711
2026-07-15T04:45:00+00:00,186.27600000000015,186.29300000000015,186.23700000000017,186.25300000000016,2096
2026-07-15T05:00:00+00:00,186.25300000000016,186.27600000000015,186.21100000000015,186.21400000000017,4083
2026-07-15T05:15:00+00:00,186.21400000000017,186.26300000000015,186.21400000000017,186.25300000000016,2830
2026-07-15T05:30:00+00:00,186.25300000000016,186.29000000000016,186.24400000000014,186.28400000000016,2956
2026-07-15T05:45:00+00:00,186.28400000000016,186.34900000000016,186.27900000000017,186.29600000000016,4074
2026-07-15T06:00:00+00:00,186.29600000000016,186.32900000000015,186.25600000000014,186.28000000000014,3972
2026-07-15T06:15:00+00:00,186.28000000000014,186.30400000000014,186.26200000000014,186.28300000000016,3569
2026-07-15T06:30:00+00:00,186.28300000000016,186.29300000000015,186.17200000000017,186.18300000000016,3918
2026-07-15T06:45:00+00:00,186.18300000000016,186.19700000000014,186.10600000000017,186.11600000000016,5855
2026-07-15T07:00:00+00:00,186.11600000000016,186.17600000000016,186.08900000000017,186.15200000000016,4955
2026-07-15T07:15:00+00:00,186.15200000000016,186.15900000000016,186.05900000000017,186.07800000000015,4299
2026-07-15T07:30:00+00:00,186.07800000000015,186.11800000000017,186.06200000000015,186.07400000000015,4143
2026-07-15T07:45:00+00:00,186.07400000000015,186.11300000000017,186.06900000000016,186.09300000000016,3138
2026-07-15T08:00:00+00:00,186.09300000000016,186.18400000000017,186.09200000000016,186.16000000000017,4833
2026-07-15T08:15:00+00:00,186.16000000000017,186.18900000000016,186.12900000000016,186.14100000000016,4930
2026-07-15T08:30:00+00:00,186.14100000000016,186.19100000000014,186.13000000000017,186.14600000000016,3882
2026-07-15T08:45:00+00:00,186.14600000000016,186.16900000000015,186.12100000000015,186.14600000000016,4308
2026-07-15T09:00:00+00:00,186.14600000000016,186.16600000000017,186.09200000000016,186.11900000000014,5946
2026-07-15T09:15:00+00:00,186.11900000000014,186.15300000000016,186.11200000000017,186.13000000000017,4467
2026-07-15T09:30:00+00:00,186.13000000000017,186.14300000000014,186.07000000000016,186.10700000000017,4315
2026-07-15T09:45:00+00:00,186.10700000000017,186.14500000000015,186.07900000000015,186.10000000000016,4202
2026-07-15T10:00:00+00:00,186.10000000000016,186.13000000000017,186.07000000000016,186.08200000000016,4473
2026-07-15T10:15:00+00:00,186.08200000000016,186.12800000000016,186.06400000000016,186.07400000000015,4400
2026-07-15T10:30:00+00:00,186.07400000000015,186.09900000000016,186.04900000000015,186.08300000000017,3528
2026-07-15T10:45:00+00:00,186.08300000000017,186.11000000000016,186.00700000000015,186.03900000000016,3808
2026-07-15T11:00:00+00:00,186.03900000000016,186.12200000000016,186.01900000000015,186.08300000000017,4357
2026-07-15T11:15:00+00:00,186.08300000000017,186.13200000000015,186.06800000000015,186.09600000000015,4240
2026-07-15T11:30:00+00:00,186.09600000000015,186.13600000000017,186.06200000000015,186.06800000000015,4055
2026-07-15T11:45:00+00:00,186.06800000000015,186.07500000000016,185.97100000000015,185.99400000000014,7789
2026-07-15T12:00:00+00:00,185.99400000000014,186.04600000000016,185.94100000000014,185.97600000000017,6566
2026-07-15T12:15:00+00:00,185.97600000000017,186.06200000000015,185.96400000000017,186.04500000000016,4721
2026-07-15T12:30:00+00:00,186.04500000000016,186.14100000000016,186.03000000000014,186.08300000000017,7855
2026-07-15T12:45:00+00:00,186.08300000000017,186.11200000000017,186.04600000000016,186.06000000000014,7465
2026-07-15T13:00:00+00:00,186.06000000000014,186.13400000000016,186.05500000000015,186.11500000000015,7587
2026-07-15T13:15:00+00:00,186.11500000000015,186.17400000000015,186.09700000000015,186.11700000000016,5930
2026-07-15T13:30:00+00:00,186.11700000000016,186.14100000000016,186.08500000000015,186.12100000000015,5778
2026-07-15T13:45:00+00:00,186.12100000000015,186.17800000000017,186.10800000000015,186.13500000000016,7884
2026-07-15T14:00:00+00:00,186.13500000000016,186.20300000000015,186.11600000000016,186.16000000000017,6447
2026-07-15T14:15:00+00:00,186.16000000000017,186.19700000000014,186.14500000000015,186.18500000000014,6949
2026-07-15T14:30:00+00:00,186.18500000000014,186.26800000000014,186.18500000000014,186.26500000000016,7362
2026-07-15T14:45:00+00:00,186.26500000000016,186.26900000000015,186.10800000000015,186.17300000000014,10732
2026-07-15T15:00:00+00:00,186.17300000000014,186.25400000000016,186.17100000000016,186.22800000000015,6603
2026-07-15T15:15:00+00:00,186.22800000000015,186.23600000000016,186.15200000000016,186.16400000000016,6018
2026-07-15T15:30:00+00:00,186.16400000000016,186.17000000000016,186.07600000000016,186.11200000000017,6665
2026-07-15T15:45:00+00:00,186.11200000000017,186.14900000000014,186.08200000000016,186.13100000000014,5230
2026-07-15T16:00:00+00:00,186.13100000000014,186.17100000000016,186.09200000000016,186.15700000000015,4816
2026-07-15T16:15:00+00:00,186.15700000000015,186.20200000000017,186.14400000000015,186.19400000000016,4813
2026-07-15T16:30:00+00:00,186.19400000000016,186.21100000000015,186.17100000000016,186.20100000000016,3445
2026-07-15T16:45:00+00:00,186.20100000000016,186.28400000000016,186.19400000000016,186.28100000000015,5638
2026-07-15T17:00:00+00:00,186.28100000000015,186.35300000000015,186.27700000000016,186.34600000000015,4087
2026-07-15T17:15:00+00:00,186.34600000000015,186.42400000000015,186.32700000000017,186.41600000000017,3722
2026-07-15T17:30:00+00:00,186.41600000000017,186.58000000000015,186.41200000000015,186.57900000000015,7016
2026-07-15T17:45:00+00:00,186.57900000000015,186.61000000000016,186.55000000000015,186.58300000000017,5736
2026-07-15T18:00:00+00:00,186.58300000000017,186.58500000000015,186.50800000000015,186.54000000000016,4831
2026-07-15T18:15:00+00:00,186.54000000000016,186.58100000000016,186.52900000000017,186.57500000000016,4061
2026-07-15T18:30:00+00:00,186.57500000000016,186.64100000000016,186.56200000000015,186.58000000000015,4882
2026-07-15T18:45:00+00:00,186.58000000000015,186.60000000000016,186.53400000000013,186.54000000000013,4852.400444489343
2026-07-15T19:00:00+00:00,186.54000000000013,186.64700000000013,186.52000000000012,186.63600000000014,4508
2026-07-15T19:15:00+00:00,186.63600000000014,186.71500000000012,186.63300000000012,186.71000000000012,3288
2026-07-15T19:30:00+00:00,186.71000000000012,186.72000000000014,186.62600000000012,186.71500000000012,6471
2026-07-15T19:45:00+00:00,186.71500000000012,186.73300000000012,186.68100000000013,186.70600000000013,4170
2026-07-15T20:00:00+00:00,186.70600000000013,186.70700000000014,186.64600000000013,186.65500000000011,2062
2026-07-15T20:15:00+00:00,186.65500000000011,186.68300000000013,186.65200000000013,186.67600000000013,1554
2026-07-15T20:30:00+00:00,186.67600000000013,186.68400000000014,186.63800000000012,186.66400000000013,2397
2026-07-15T20:45:00+00:00,186.66400000000013,186.67200000000014,186.62800000000013,186.62800000000013,1628
2026-07-15T21:00:00+00:00,186.62800000000013,186.62800000000013,186.49800000000013,186.58800000000014,129.45467591758714
2026-07-15T21:15:00+00:00,186.58800000000014,186.60000000000014,186.57800000000012,186.58700000000013,350
2026-07-15T21:30:00+00:00,186.58700000000013,186.62600000000012,186.58200000000014,186.60300000000012,840
2026-07-15T21:45:00+00:00,186.60300000000012,186.61100000000013,186.54600000000013,186.56000000000012,1174
2026-07-15T22:00:00+00:00,186.56000000000012,186.66000000000014,186.55700000000013,186.62600000000012,1099
2026-07-15T22:15:00+00:00,186.62600000000012,186.62700000000012,186.56000000000012,186.59500000000014,1464
2026-07-15T22:30:00+00:00,186.59500000000014,186.61800000000014,186.59300000000013,186.60200000000012,652
2026-07-15T22:45:00+00:00,186.60200000000012,186.6190000000001,186.59000000000012,186.61600000000013,911.4808103686926
2026-07-15T23:00:00+00:00,186.61600000000013,186.6290000000001,186.6010000000001,186.6120000000001,1014
2026-07-15T23:15:00+00:00,186.6120000000001,186.62800000000013,186.58400000000012,186.6230000000001,1246
2026-07-15T23:30:00+00:00,186.6230000000001,186.62800000000013,186.59200000000013,186.62100000000012,1373
2026-07-15T23:45:00+00:00,186.62100000000012,186.6230000000001,186.57800000000012,186.61600000000013,1779
2026-07-16T00:00:00+00:00,186.61600000000013,186.68800000000013,186.6060000000001,186.6830000000001,4298
2026-07-16T00:15:00+00:00,186.6830000000001,186.6890000000001,186.6350000000001,186.6480000000001,4013
2026-07-16T00:30:00+00:00,186.6480000000001,186.6660000000001,186.61000000000013,186.6230000000001,3064
2026-07-16T00:45:00+00:00,186.6230000000001,186.71000000000012,186.57900000000012,186.7020000000001,6446
2026-07-16T01:00:00+00:00,186.7020000000001,186.70600000000013,186.6240000000001,186.65000000000012,3759
2026-07-16T01:15:00+00:00,186.65000000000012,186.65800000000013,186.57800000000012,186.5820000000001,4089
2026-07-16T01:30:00+00:00,186.5820000000001,186.5950000000001,186.5400000000001,186.56000000000012,3950
2026-07-16T01:45:00+00:00,186.56000000000012,186.5950000000001,186.54800000000012,186.58600000000013,3272
2026-07-16T02:00:00+00:00,186.58600000000013,186.6000000000001,186.53900000000013,186.56700000000012,3381
2026-07-16T02:15:00+00:00,186.56700000000012,186.57800000000012,186.54500000000013,186.55700000000013,3196
2026-07-16T02:30:00+00:00,186.55700000000013,186.58000000000013,186.53700000000012,186.57200000000012,3660
2026-07-16T02:45:00+00:00,186.57200000000012,186.63200000000012,186.5520000000001,186.6170000000001,2562
2026-07-16T03:00:00+00:00,186.6170000000001,186.6180000000001,186.58600000000013,186.6060000000001,2922
2026-07-16T03:15:00+00:00,186.6060000000001,186.61400000000012,186.5760000000001,186.60400000000013,2236
2026-07-16T03:30:00+00:00,186.60400000000013,186.6120000000001,186.58100000000013,186.59800000000013,2237
2026-07-16T03:45:00+00:00,186.59800000000013,186.6000000000001,186.57300000000012,186.57900000000012,1756
2026-07-16T04:00:00+00:00,186.57900000000012,186.5940000000001,186.5520000000001,186.59200000000013,2059
2026-07-16T04:15:00+00:00,186.59200000000013,186.59300000000013,186.5650000000001,186.57500000000013,1635
2026-07-16T04:30:00+00:00,186.57500000000013,186.61600000000013,186.56900000000013,186.6050000000001,1710
2026-07-16T04:45:00+00:00,186.6050000000001,186.60800000000012,186.56100000000012,186.5820000000001,2378
2026-07-16T05:00:00+00:00,186.5820000000001,186.5990000000001,186.5760000000001,186.59700000000012,2907
2026-07-16T05:15:00+00:00,186.59700000000012,186.62200000000013,186.58500000000012,186.6130000000001,1908
2026-07-16T05:30:00+00:00,186.6130000000001,186.6470000000001,186.60800000000012,186.6170000000001,3374
2026-07-16T05:45:00+00:00,186.6170000000001,186.6350000000001,186.57200000000012,186.6070000000001,3653
2026-07-16T06:00:00+00:00,186.6070000000001,186.68100000000013,186.60200000000012,186.67500000000013,5444
2026-07-16T06:15:00+00:00,186.67500000000013,186.6840000000001,186.6470000000001,186.6650000000001,3867
2026-07-16T06:30:00+00:00,186.6650000000001,186.68200000000013,186.63300000000012,186.65700000000012,4596
2026-07-16T06:45:00+00:00,186.65700000000012,186.68800000000013,186.62700000000012,186.6410000000001,3997
2026-07-16T07:00:00+00:00,186.6410000000001,186.6530000000001,186.48900000000012,186.54900000000012,5434
2026-07-16T07:15:00+00:00,186.54900000000012,186.62200000000013,186.5280000000001,186.62200000000013,5566
2026-07-16T07:30:00+00:00,186.62200000000013,186.6540000000001,186.56600000000012,186.63800000000012,4142
2026-07-16T07:45:00+00:00,186.63800000000012,186.6650000000001,186.59700000000012,186.61400000000012,5855
2026-07-16T08:00:00+00:00,186.61400000000012,186.65500000000011,186.5770000000001,186.60400000000013,5470
2026-07-16T08:15:00+00:00,186.60400000000013,186.61000000000013,186.53300000000013,186.5770000000001,5907
2026-07-16T08:30:00+00:00,186.5770000000001,186.65800000000013,186.57500000000013,186.6530000000001,3972
2026-07-16T08:45:00+00:00,186.6530000000001,186.6540000000001,186.6120000000001,186.6310000000001,4254
2026-07-16T09:00:00+00:00,186.6310000000001,186.6370000000001,186.59100000000012,186.59700000000012,4511
2026-07-16T09:15:00+00:00,186.59700000000012,186.62100000000012,186.5760000000001,186.59100000000012,4097
2026-07-16T09:30:00+00:00,186.59100000000012,186.6600000000001,186.56600000000012,186.65600000000012,4735
2026-07-16T09:45:00+00:00,186.65600000000012,186.67500000000013,186.64600000000013,186.66800000000012,3410
2026-07-16T10:00:00+00:00,186.66800000000012,186.68600000000012,186.64400000000012,186.68000000000012,3064
2026-07-16T10:15:00+00:00,186.68000000000012,186.70500000000013,186.64500000000012,186.65800000000013,2676
2026-07-16T10:30:00+00:00,186.65800000000013,186.66400000000013,186.6050000000001,186.6370000000001,4133
2026-07-16T10:45:00+00:00,186.6370000000001,186.66200000000012,186.52400000000011,186.54300000000012,3670
2026-07-16T11:00:00+00:00,186.54300000000012,186.5700000000001,186.50700000000012,186.5410000000001,4301
2026-07-16T11:15:00+00:00,186.5410000000001,186.5990000000001,186.52100000000013,186.58500000000012,4084
2026-07-16T11:30:00+00:00,186.58500000000012,186.65500000000011,186.5830000000001,186.63300000000012,3864
2026-07-16T11:45:00+00:00,186.63300000000012,186.70300000000012,186.56800000000013,186.6840000000001,7917
2026-07-16T12:00:00+00:00,186.6840000000001,186.7440000000001,186.6530000000001,186.66800000000012,5529
2026-07-16T12:15:00+00:00,186.66800000000012,186.66800000000012,186.6000000000001,186.6290000000001,5086
2026-07-16T12:30:00+00:00,186.6290000000001,186.67000000000013,186.53600000000012,186.55700000000013,5626
2026-07-16T12:45:00+00:00,186.55700000000013,186.61500000000012,186.4940000000001,186.50700000000012,6414
2026-07-16T13:00:00+00:00,186.50700000000012,186.54300000000012,186.4690000000001,186.54200000000012,7091
2026-07-16T13:15:00+00:00,186.54200000000012,186.6070000000001,186.51900000000012,186.60300000000012,5222
2026-07-16T13:30:00+00:00,186.60300000000012,186.62700000000012,186.5580000000001,186.58100000000013,6847
2026-07-16T13:45:00+00:00,186.58100000000013,186.65500000000011,186.55500000000012,186.57500000000013,6627
2026-07-16T14:00:00+00:00,186.57500000000013,186.64600000000013,186.5650000000001,186.6010000000001,7449
2026-07-16T14:15:00+00:00,186.6010000000001,186.67500000000013,186.5940000000001,186.65100000000012,5221
2026-07-16T14:30:00+00:00,186.65100000000012,186.66900000000012,186.5400000000001,186.5990000000001,4308
2026-07-16T14:45:00+00:00,186.5990000000001,186.6300000000001,186.53800000000012,186.60200000000012,5681
2026-07-16T15:00:00+00:00,186.60200000000012,186.6110000000001,186.52600000000012,186.59000000000012,6279
2026-07-16T15:15:00+00:00,186.59000000000012,186.59700000000012,186.55500000000012,186.57200000000012,4722
2026-07-16T15:30:00+00:00,186.57200000000012,186.64300000000011,186.56700000000012,186.63800000000012,5005
2026-07-16T15:45:00+00:00,186.63800000000012,186.68200000000013,186.6240000000001,186.64500000000012,4214
2026-07-16T16:00:00+00:00,186.64500000000012,186.64900000000011,186.56300000000013,186.60800000000012,4199
2026-07-16T16:15:00+00:00,186.60800000000012,186.62700000000012,186.5470000000001,186.57800000000012,4954
2026-07-16T16:30:00+00:00,186.57800000000012,186.58500000000012,186.5400000000001,186.55000000000013,2971
2026-07-16T16:45:00+00:00,186.55000000000013,186.5580000000001,186.5040000000001,186.50800000000012,3495
2026-07-16T17:00:00+00:00,186.50800000000012,186.52500000000012,186.47100000000012,186.48900000000012,3502
2026-07-16T17:15:00+00:00,186.48900000000012,186.5230000000001,186.48400000000012,186.5110000000001,2116
2026-07-16T17:30:00+00:00,186.5110000000001,186.5170000000001,186.47300000000013,186.5000000000001,2309
2026-07-16T17:45:00+00:00,186.5000000000001,186.50700000000012,186.46000000000012,186.4630000000001,3074
2026-07-16T18:00:00+00:00,186.4630000000001,186.4700000000001,186.43200000000013,186.4400000000001,3458
2026-07-16T18:15:00+00:00,186.4400000000001,186.4750000000001,186.4340000000001,186.43700000000013,2926
2026-07-16T18:30:00+00:00,186.43700000000013,186.46100000000013,186.4270000000001,186.4580000000001,2656
2026-07-16T18:45:00+00:00,186.4580000000001,186.4690000000001,186.4520000000001,186.46600000000012,2044
2026-07-16T19:00:00+00:00,186.46600000000012,186.4980000000001,186.45900000000012,186.46200000000013,2290
2026-07-16T19:15:00+00:00,186.46200000000013,186.47300000000013,186.44400000000013,186.4510000000001,2057
2026-07-16T19:30:00+00:00,186.4510000000001,186.48500000000013,186.4390000000001,186.47200000000012,2078
2026-07-16T19:45:00+00:00,186.47200000000012,186.51800000000011,186.46600000000012,186.51500000000013,2782
2026-07-16T20:00:00+00:00,186.51500000000013,186.5230000000001,186.49600000000012,186.5000000000001,1707
2026-07-16T20:15:00+00:00,186.5000000000001,186.5050000000001,186.4510000000001,186.47800000000012,856
2026-07-16T20:30:00+00:00,186.47800000000012,186.53100000000012,186.4760000000001,186.5170000000001,1404
2026-07-16T20:45:00+00:00,186.5170000000001,186.53600000000012,186.4880000000001,186.4880000000001,1153
2026-07-16T21:00:00+00:00,186.4880000000001,186.51300000000012,186.4380000000001,186.48900000000012,113.78036956329915
2026-07-16T21:15:00+00:00,186.48900000000012,186.50700000000012,186.4550000000001,186.4750000000001,180
2026-07-16T21:30:00+00:00,186.4750000000001,186.52500000000012,186.4680000000001,186.5020000000001,313
2026-07-16T21:45:00+00:00,186.5020000000001,186.5020000000001,186.48300000000012,186.4920000000001,282
2026-07-16T22:00:00+00:00,186.4920000000001,186.5080000000001,186.46500000000012,186.5030000000001,680
2026-07-16T22:15:00+00:00,186.5030000000001,186.51800000000011,186.4900000000001,186.51300000000012,436
2026-07-16T22:30:00+00:00,186.51300000000012,186.5200000000001,186.4990000000001,186.51900000000012,577
2026-07-16T22:45:00+00:00,186.51900000000012,186.5210000000001,186.4990000000001,186.5100000000001,647
2026-07-16T23:00:00+00:00,186.5100000000001,186.5210000000001,186.4980000000001,186.5140000000001,1212
2026-07-16T23:15:00+00:00,186.5140000000001,186.52400000000011,186.5090000000001,186.5120000000001,527
2026-07-16T23:30:00+00:00,186.5120000000001,186.52400000000011,186.50100000000012,186.5220000000001,996
2026-07-16T23:45:00+00:00,186.5220000000001,186.5700000000001,186.4960000000001,186.5620000000001,1209
2026-07-17T00:00:00+00:00,186.5620000000001,186.6000000000001,186.55500000000012,186.5680000000001,2304
2026-07-17T00:15:00+00:00,186.5680000000001,186.59100000000012,186.5290000000001,186.5380000000001,3057
2026-07-17T00:30:00+00:00,186.5380000000001,186.5640000000001,186.4980000000001,186.51300000000012,3357
2026-07-17T00:45:00+00:00,186.51300000000012,186.6360000000001,186.5090000000001,186.63200000000012,4368
2026-07-17T01:00:00+00:00,186.63200000000012,186.6640000000001,186.6170000000001,186.62600000000012,3914
2026-07-17T01:15:00+00:00,186.62600000000012,186.6460000000001,186.6030000000001,186.6090000000001,3438
2026-07-17T01:30:00+00:00,186.6090000000001,186.6110000000001,186.5820000000001,186.6030000000001,3098
2026-07-17T01:45:00+00:00,186.6030000000001,186.6040000000001,186.53100000000012,186.56100000000012,3338
2026-07-17T02:00:00+00:00,186.56100000000012,186.5710000000001,186.5280000000001,186.55400000000012,2966
2026-07-17T02:15:00+00:00,186.55400000000012,186.5650000000001,186.51300000000012,186.52400000000011,2171
2026-07-17T02:30:00+00:00,186.52400000000011,186.5330000000001,186.46500000000012,186.4810000000001,2784
2026-07-17T02:45:00+00:00,186.4810000000001,186.48900000000012,186.39300000000011,186.41800000000012,3125
2026-07-17T03:00:00+00:00,186.41800000000012,186.4610000000001,186.4150000000001,186.4340000000001,2939
2026-07-17T03:15:00+00:00,186.4340000000001,186.4750000000001,186.4310000000001,186.4720000000001,2468
2026-07-17T03:30:00+00:00,186.4720000000001,186.4790000000001,186.4280000000001,186.4380000000001,2288
2026-07-17T03:45:00+00:00,186.4380000000001,186.4930000000001,186.4310000000001,186.4810000000001,2427
2026-07-17T04:00:00+00:00,186.4810000000001,186.4870000000001,186.4400000000001,186.4800000000001,2094
2026-07-17T04:15:00+00:00,186.4800000000001,186.4990000000001,186.46500000000012,186.4690000000001,1884
2026-07-17T04:30:00+00:00,186.4690000000001,186.4930000000001,186.45900000000012,186.4700000000001,1989
2026-07-17T04:45:00+00:00,186.4700000000001,186.4870000000001,186.4310000000001,186.45900000000012,1822
2026-07-17T05:00:00+00:00,186.45900000000012,186.5000000000001,186.4500000000001,186.4850000000001,2063
2026-07-17T05:15:00+00:00,186.4850000000001,186.5090000000001,186.4670000000001,186.4700000000001,2167
2026-07-17T05:30:00+00:00,186.4700000000001,186.52500000000012,186.4700000000001,186.5090000000001,4011
2026-07-17T05:45:00+00:00,186.5090000000001,186.53600000000012,186.4900000000001,186.5000000000001,3504
2026-07-17T06:00:00+00:00,186.5000000000001,186.60200000000012,186.4990000000001,186.5980000000001,4504
2026-07-17T06:15:00+00:00,186.5980000000001,186.6340000000001,186.5640000000001,186.5760000000001,5728
2026-07-17T06:30:00+00:00,186.5760000000001,186.66800000000012,186.5650000000001,186.6360000000001,4337
2026-07-17T06:45:00+00:00,186.6360000000001,186.6520000000001,186.3670000000001,186.5030000000001,7760
2026-07-17T07:00:00+00:00,186.5030000000001,186.51900000000012,186.3610000000001,186.3890000000001,6998
2026-07-17T07:15:00+00:00,186.3890000000001,186.4250000000001,186.34100000000012,186.4080000000001,4649
2026-07-17T07:30:00+00:00,186.4080000000001,186.4460000000001,186.38200000000012,186.43000000000012,3880
2026-07-17T07:45:00+00:00,186.43000000000012,186.4850000000001,186.42400000000012,186.4490000000001,3965
2026-07-17T08:00:00+00:00,186.4490000000001,186.5270000000001,186.4460000000001,186.4810000000001,5402
2026-07-17T08:15:00+00:00,186.4810000000001,186.53100000000012,186.3890000000001,186.5210000000001,7042
2026-07-17T08:30:00+00:00,186.5210000000001,186.53000000000011,186.4520000000001,186.5000000000001,5409
2026-07-17T08:45:00+00:00,186.5000000000001,186.5350000000001,186.4840000000001,186.5090000000001,4105
2026-07-17T09:00:00+00:00,186.5090000000001,186.5590000000001,186.49500000000012,186.5210000000001,4909
2026-07-17T09:15:00+00:00,186.5210000000001,186.5700000000001,186.4990000000001,186.56000000000012,4094
2026-07-17T09:30:00+00:00,186.56000000000012,186.5620000000001,186.4810000000001,186.4930000000001,3457
2026-07-17T09:45:00+00:00,186.4930000000001,186.51300000000012,186.4500000000001,186.4640000000001,3236
2026-07-17T10:00:00+00:00,186.4640000000001,186.46600000000012,186.3960000000001,186.45400000000012,3586
2026-07-17T10:15:00+00:00,186.45400000000012,186.4700000000001,186.3750000000001,186.3900000000001,3862
2026-07-17T10:30:00+00:00,186.3900000000001,186.4080000000001,186.3480000000001,186.3740000000001,2355
2026-07-17T10:45:00+00:00,186.3740000000001,186.3830000000001,186.2360000000001,186.2400000000001,5059
2026-07-17T11:00:00+00:00,186.2400000000001,186.27500000000012,186.1890000000001,186.26800000000011,3707
2026-07-17T11:15:00+00:00,186.26800000000011,186.29300000000012,186.2440000000001,186.2730000000001,4285
2026-07-17T11:30:00+00:00,186.2730000000001,186.3420000000001,186.2610000000001,186.29900000000012,3916
2026-07-17T11:45:00+00:00,186.29900000000012,186.32800000000012,186.2560000000001,186.2960000000001,4395
2026-07-17T12:00:00+00:00,186.2960000000001,186.3730000000001,186.28000000000011,186.3420000000001,5625
2026-07-17T12:15:00+00:00,186.3420000000001,186.3450000000001,186.2970000000001,186.3270000000001,4449
2026-07-17T12:30:00+00:00,186.3270000000001,186.3310000000001,186.2560000000001,186.2720000000001,4516
2026-07-17T12:45:00+00:00,186.2720000000001,186.33500000000012,186.2530000000001,186.33500000000012,4734
2026-07-17T13:00:00+00:00,186.33500000000012,186.3710000000001,186.28600000000012,186.3480000000001,4838
2026-07-17T13:15:00+00:00,186.3480000000001,186.3490000000001,186.2790000000001,186.28100000000012,5355
2026-07-17T13:30:00+00:00,186.28100000000012,186.3390000000001,186.28000000000011,186.3210000000001,8180
2026-07-17T13:45:00+00:00,186.3210000000001,186.44200000000012,186.3070000000001,186.3890000000001,7440
2026-07-17T14:00:00+00:00,186.3890000000001,186.41100000000012,186.3480000000001,186.3890000000001,7312
2026-07-17T14:15:00+00:00,186.3890000000001,186.4870000000001,186.3840000000001,186.4260000000001,6532
2026-07-17T14:30:00+00:00,186.4260000000001,186.5100000000001,186.4010000000001,186.50700000000012,5183
2026-07-17T14:45:00+00:00,186.50700000000012,186.5270000000001,186.4690000000001,186.5050000000001,5698
2026-07-17T15:00:00+00:00,186.5050000000001,186.54800000000012,186.4640000000001,186.4790000000001,6029
2026-07-17T15:15:00+00:00,186.4790000000001,186.5200000000001,186.4620000000001,186.4810000000001,4555
2026-07-17T15:30:00+00:00,186.4810000000001,186.5210000000001,186.4690000000001,186.47700000000012,5634
2026-07-17T15:45:00+00:00,186.47700000000012,186.5440000000001,186.4760000000001,186.5390000000001,4261
2026-07-17T16:00:00+00:00,186.5390000000001,186.5820000000001,186.4930000000001,186.5820000000001,5493
2026-07-17T16:15:00+00:00,186.5820000000001,186.6110000000001,186.56700000000012,186.5950000000001,3841
2026-07-17T16:30:00+00:00,186.5950000000001,186.6180000000001,186.57900000000012,186.6050000000001,2925
2026-07-17T16:45:00+00:00,186.6050000000001,186.6050000000001,186.5020000000001,186.5050000000001,2624
2026-07-17T17:00:00+00:00,186.5050000000001,186.5210000000001,186.4640000000001,186.4800000000001,2938
2026-07-17T17:15:00+00:00,186.4800000000001,186.50100000000012,186.4720000000001,186.4970000000001,3514
2026-07-17T17:30:00+00:00,186.4970000000001,186.5030000000001,186.4680000000001,186.47700000000012,2034
2026-07-17T17:45:00+00:00,186.47700000000012,186.4980000000001,186.4610000000001,186.4610000000001,1975
2026-07-17T18:00:00+00:00,186.4610000000001,186.47700000000012,186.4450000000001,186.4670000000001,2015
2026-07-17T18:15:00+00:00,186.4670000000001,186.5040000000001,186.4580000000001,186.48300000000012,2693
2026-07-17T18:30:00+00:00,186.48300000000012,186.5030000000001,186.4740000000001,186.4870000000001,1734
2026-07-17T18:45:00+00:00,186.4870000000001,186.4910000000001,186.4620000000001,186.4740000000001,1740
2026-07-17T19:00:00+00:00,186.4740000000001,186.4990000000001,186.45400000000012,186.4910000000001,1726
2026-07-17T19:15:00+00:00,186.4910000000001,186.51800000000011,186.48300000000012,186.50100000000012,2308
2026-07-17T19:30:00+00:00,186.50100000000012,186.5470000000001,186.4840000000001,186.5330000000001,2095
2026-07-17T19:45:00+00:00,186.5330000000001,186.54800000000012,186.4930000000001,186.5060000000001,3524
2026-07-17T20:00:00+00:00,186.5060000000001,186.5280000000001,186.4900000000001,186.4990000000001,1846
2026-07-17T20:15:00+00:00,186.4990000000001,186.51900000000012,186.4810000000001,186.49500000000012,910
2026-07-17T20:30:00+00:00,186.49500000000012,186.5030000000001,186.4700000000001,186.4870000000001,998
2026-07-17T20:45:00+00:00,186.4870000000001,186.48900000000012,186.42900000000012,186.4370000000001,2183
2026-07-19T21:00:00+00:00,186.4370000000001,186.48100000000008,186.4110000000001,186.4660000000001,152.25842497710443
2026-07-19T21:15:00+00:00,186.4660000000001,186.4780000000001,186.45200000000008,186.47500000000008,166
2026-07-19T21:30:00+00:00,186.47500000000008,186.4840000000001,186.37300000000008,186.46900000000008,817
2026-07-19T21:45:00+00:00,186.46900000000008,186.4900000000001,186.42700000000008,186.44000000000008,279.7352824447678
2026-07-19T22:00:00+00:00,186.44000000000008,186.6510000000001,186.4240000000001,186.6040000000001,2850
2026-07-19T22:15:00+00:00,186.6040000000001,186.6160000000001,186.55800000000008,186.5800000000001,2807
2026-07-19T22:30:00+00:00,186.5800000000001,186.59500000000008,186.55900000000008,186.5900000000001,1184
2026-07-19T22:45:00+00:00,186.5900000000001,186.59500000000008,186.55200000000008,186.5540000000001,707
2026-07-19T23:00:00+00:00,186.5540000000001,186.5680000000001,186.5310000000001,186.5610000000001,1599
2026-07-19T23:15:00+00:00,186.5610000000001,186.5630000000001,186.5270000000001,186.5620000000001,1302
2026-07-19T23:30:00+00:00,186.5620000000001,186.5770000000001,186.5520000000001,186.5720000000001,1321
2026-07-19T23:45:00+00:00,186.5720000000001,186.5940000000001,186.5510000000001,186.5790000000001,2676
2026-07-20T00:00:00+00:00,186.5790000000001,186.6230000000001,186.5680000000001,186.5930000000001,4120
2026-07-20T00:15:00+00:00,186.5930000000001,186.61300000000008,186.5770000000001,186.5840000000001,3855
2026-07-20T00:30:00+00:00,186.5840000000001,186.5870000000001,186.5140000000001,186.5380000000001,3728
2026-07-20T00:45:00+00:00,186.5380000000001,186.5440000000001,186.4480000000001,186.4650000000001,4275
2026-07-20T01:00:00+00:00,186.4650000000001,186.5040000000001,186.4470000000001,186.4560000000001,4637
2026-07-20T01:15:00+00:00,186.4560000000001,186.5360000000001,186.4520000000001,186.5310000000001,4311
2026-07-20T01:30:00+00:00,186.5310000000001,186.5350000000001,186.4620000000001,186.4720000000001,3440
2026-07-20T01:45:00+00:00,186.4720000000001,186.5370000000001,186.4690000000001,186.5350000000001,2715
2026-07-20T02:00:00+00:00,186.5350000000001,186.5500000000001,186.5130000000001,186.5270000000001,3249
2026-07-20T02:15:00+00:00,186.5270000000001,186.5610000000001,186.5180000000001,186.5560000000001,2698
2026-07-20T02:30:00+00:00,186.5560000000001,186.6220000000001,186.5480000000001,186.6120000000001,3025
2026-07-20T02:45:00+00:00,186.6120000000001,186.6360000000001,186.5920000000001,186.62500000000009,2462
2026-07-20T03:00:00+00:00,186.62500000000009,186.63700000000009,186.5900000000001,186.6120000000001,2331
2026-07-20T03:15:00+00:00,186.6120000000001,186.63700000000009,186.6070000000001,186.6220000000001,2251
2026-07-20T03:30:00+00:00,186.6220000000001,186.6420000000001,186.61300000000008,186.6350000000001,2754
2026-07-20T03:45:00+00:00,186.6350000000001,186.6470000000001,186.6260000000001,186.6410000000001,2278
2026-07-20T04:00:00+00:00,186.6410000000001,186.6630000000001,186.63700000000009,186.6530000000001,1694
2026-07-20T04:15:00+00:00,186.6530000000001,186.6860000000001,186.6440000000001,186.6840000000001,1822
2026-07-20T04:30:00+00:00,186.6840000000001,186.6850000000001,186.6560000000001,186.6750000000001,1788
2026-07-20T04:45:00+00:00,186.6750000000001,186.6760000000001,186.6400000000001,186.6460000000001,2208
2026-07-20T05:00:00+00:00,186.6460000000001,186.6610000000001,186.61300000000008,186.6330000000001,2187
2026-07-20T05:15:00+00:00,186.6330000000001,186.6420000000001,186.6180000000001,186.6290000000001,2565
2026-07-20T05:30:00+00:00,186.6290000000001,186.6290000000001,186.5840000000001,186.5890000000001,2254
2026-07-20T05:45:00+00:00,186.5890000000001,186.6430000000001,186.5870000000001,186.6180000000001,2613
2026-07-20T06:00:00+00:00,186.6180000000001,186.6430000000001,186.5750000000001,186.5960000000001,4307
2026-07-20T06:15:00+00:00,186.5960000000001,186.6160000000001,186.5770000000001,186.5780000000001,3800
2026-07-20T06:30:00+00:00,186.5780000000001,186.6030000000001,186.5230000000001,186.5420000000001,4149
2026-07-20T06:45:00+00:00,186.5420000000001,186.6160000000001,186.5420000000001,186.5770000000001,4377
2026-07-20T07:00:00+00:00,186.5770000000001,186.6340000000001,186.5640000000001,186.6050000000001,4280
2026-07-20T07:15:00+00:00,186.6050000000001,186.6950000000001,186.5990000000001,186.6860000000001,4678
2026-07-20T07:30:00+00:00,186.6860000000001,186.7350000000001,186.6740000000001,186.6850000000001,6425
2026-07-20T07:45:00+00:00,186.6850000000001,186.7140000000001,186.6390000000001,186.6690000000001,5495
2026-07-20T08:00:00+00:00,186.6690000000001,186.6860000000001,186.6270000000001,186.6280000000001,4270
2026-07-20T08:15:00+00:00,186.6280000000001,186.6350000000001,186.5780000000001,186.5860000000001,4142
2026-07-20T08:30:00+00:00,186.5860000000001,186.6500000000001,186.5710000000001,186.6160000000001,3358
2026-07-20T08:45:00+00:00,186.6160000000001,186.63100000000009,186.5680000000001,186.5940000000001,4065
2026-07-20T09:00:00+00:00,186.5940000000001,186.6110000000001,186.5210000000001,186.5280000000001,3833
2026-07-20T09:15:00+00:00,186.5280000000001,186.5410000000001,186.4800000000001,186.4970000000001,2997
2026-07-20T09:30:00+00:00,186.4970000000001,186.5310000000001,186.4890000000001,186.5210000000001,3426
2026-07-20T09:45:00+00:00,186.5210000000001,186.5210000000001,186.4710000000001,186.50000000000009,3634
2026-07-20T10:00:00+00:00,186.50000000000009,186.5390000000001,186.4870000000001,186.5110000000001,3625
2026-07-20T10:15:00+00:00,186.5110000000001,186.5250000000001,186.4960000000001,186.5110000000001,2963
2026-07-20T10:30:00+00:00,186.5110000000001,186.5690000000001,186.5050000000001,186.5580000000001,2794
2026-07-20T10:45:00+00:00,186.5580000000001,186.5600000000001,186.4980000000001,186.50600000000009,3279
2026-07-20T11:00:00+00:00,186.50600000000009,186.5440000000001,186.4780000000001,186.50600000000009,4166
2026-07-20T11:15:00+00:00,186.50600000000009,186.5410000000001,186.5020000000001,186.5390000000001,2771
2026-07-20T11:30:00+00:00,186.5390000000001,186.5850000000001,186.4260000000001,186.4680000000001,9768
2026-07-20T11:45:00+00:00,186.4680000000001,186.4950000000001,186.3950000000001,186.4130000000001,4966
2026-07-20T12:00:00+00:00,186.4130000000001,186.4510000000001,186.3300000000001,186.3490000000001,6506
2026-07-20T12:15:00+00:00,186.3490000000001,186.3510000000001,186.2840000000001,186.3150000000001,5171
2026-07-20T12:30:00+00:00,186.3150000000001,186.3670000000001,186.2780000000001,186.3340000000001,4234
2026-07-20T12:45:00+00:00,186.3340000000001,186.4320000000001,186.3340000000001,186.3940000000001,5182
2026-07-20T13:00:00+00:00,186.3940000000001,186.4020000000001,186.3140000000001,186.3330000000001,5650
2026-07-20T13:15:00+00:00,186.3330000000001,186.3410000000001,186.2930000000001,186.3310000000001,4349
2026-07-20T13:30:00+00:00,186.3310000000001,186.3420000000001,186.2470000000001,186.2590000000001,5502
2026-07-20T13:45:00+00:00,186.2590000000001,186.3550000000001,186.2490000000001,186.3300000000001,4407
2026-07-20T14:00:00+00:00,186.3300000000001,186.4010000000001,186.3200000000001,186.3820000000001,7200
2026-07-20T14:15:00+00:00,186.3820000000001,186.4390000000001,186.36300000000008,186.4260000000001,5690
2026-07-20T14:30:00+00:00,186.4260000000001,186.4280000000001,186.2950000000001,186.2970000000001,4642
2026-07-20T14:45:00+00:00,186.2970000000001,186.3580000000001,186.2070000000001,186.24400000000009,5717
2026-07-20T15:00:00+00:00,186.24400000000009,186.3230000000001,186.24400000000009,186.3090000000001,6381
2026-07-20T15:15:00+00:00,186.3090000000001,186.3310000000001,186.2630000000001,186.3260000000001,3509
2026-07-20T15:30:00+00:00,186.3260000000001,186.3720000000001,186.3050000000001,186.3140000000001,4160
2026-07-20T15:45:00+00:00,186.3140000000001,186.3780000000001,186.3130000000001,186.3720000000001,4642
2026-07-20T16:00:00+00:00,186.3720000000001,186.4040000000001,186.3580000000001,186.4030000000001,4030
2026-07-20T16:15:00+00:00,186.4030000000001,186.4270000000001,186.3850000000001,186.3910000000001,4190
2026-07-20T16:30:00+00:00,186.3910000000001,186.4080000000001,186.3170000000001,186.3310000000001,3771
2026-07-20T16:45:00+00:00,186.3310000000001,186.3490000000001,186.3200000000001,186.3270000000001,3041
2026-07-20T17:00:00+00:00,186.3270000000001,186.3270000000001,186.2960000000001,186.3000000000001,3191
2026-07-20T17:15:00+00:00,186.3000000000001,186.3360000000001,186.2980000000001,186.3190000000001,3090
2026-07-20T17:30:00+00:00,186.3190000000001,186.3230000000001,186.2870000000001,186.2940000000001,2804
2026-07-20T17:45:00+00:00,186.2940000000001,186.3050000000001,186.2830000000001,186.2950000000001,2690
2026-07-20T18:00:00+00:00,186.2950000000001,186.3180000000001,186.2940000000001,186.3170000000001,2992
2026-07-20T18:15:00+00:00,186.3170000000001,186.3620000000001,186.3170000000001,186.3490000000001,4169
2026-07-20T18:30:00+00:00,186.3490000000001,186.3550000000001,186.3300000000001,186.3380000000001,4187
2026-07-20T18:45:00+00:00,186.3380000000001,186.3710000000001,186.3310000000001,186.3640000000001,3458
2026-07-20T19:00:00+00:00,186.3640000000001,186.3720000000001,186.3360000000001,186.3440000000001,3710
2026-07-20T19:15:00+00:00,186.3440000000001,186.3590000000001,186.3300000000001,186.3530000000001,3037
2026-07-20T19:30:00+00:00,186.3530000000001,186.37500000000009,186.3390000000001,186.3740000000001,3630
2026-07-20T19:45:00+00:00,186.3740000000001,186.3840000000001,186.3330000000001,186.3840000000001,3722
2026-07-20T20:00:00+00:00,186.3840000000001,186.3890000000001,186.3360000000001,186.3430000000001,2056
2026-07-20T20:15:00+00:00,186.3430000000001,186.3640000000001,186.3400000000001,186.3620000000001,1510
2026-07-20T20:30:00+00:00,186.3620000000001,186.3680000000001,186.3320000000001,186.3600000000001,1274
2026-07-20T20:45:00+00:00,186.3600000000001,186.3600000000001,186.3090000000001,186.3090000000001,1228
2026-07-20T21:00:00+00:00,186.3090000000001,186.3530000000001,186.2550000000001,186.3260000000001,51.94049761778719
2026-07-20T21:15:00+00:00,186.3260000000001,186.3260000000001,186.2650000000001,186.29100000000008,243.58305731768934
2026-07-20T21:30:00+00:00,186.29100000000008,186.30600000000007,186.25500000000008,186.26200000000009,981
2026-07-20T21:45:00+00:00,186.26200000000009,186.28500000000008,186.25300000000007,186.25500000000008,670
2026-07-20T22:00:00+00:00,186.25500000000008,186.30900000000008,186.25500000000008,186.30700000000007,1155
2026-07-20T22:15:00+00:00,186.30700000000007,186.31500000000008,186.29500000000007,186.30100000000007,491
2026-07-20T22:30:00+00:00,186.30100000000007,186.3170000000001,186.2990000000001,186.31400000000008,384
2026-07-20T22:45:00+00:00,186.31400000000008,186.32400000000007,186.30700000000007,186.3230000000001,672
2026-07-20T23:00:00+00:00,186.3230000000001,186.33600000000007,186.30700000000007,186.33200000000008,849
2026-07-20T23:15:00+00:00,186.33200000000008,186.33600000000007,186.32000000000008,186.32500000000007,689
2026-07-20T23:30:00+00:00,186.32500000000007,186.33900000000008,186.32100000000008,186.3220000000001,545
2026-07-20T23:45:00+00:00,186.3220000000001,186.36000000000007,186.31900000000007,186.35700000000008,1496
2026-07-21T00:00:00+00:00,186.35700000000008,186.37400000000008,186.3280000000001,186.35400000000007,4275
2026-07-21T00:15:00+00:00,186.35400000000007,186.36000000000007,186.3170000000001,186.33300000000008,3089
2026-07-21T00:30:00+00:00,186.33300000000008,186.36300000000008,186.32100000000008,186.3530000000001,2566
2026-07-21T00:45:00+00:00,186.3530000000001,186.38600000000008,186.34200000000007,186.36600000000007,5313
2026-07-21T01:00:00+00:00,186.36600000000007,186.36900000000009,186.33100000000007,186.3350000000001,2701
2026-07-21T01:15:00+00:00,186.3350000000001,186.37400000000008,186.27900000000008,186.32500000000007,3862
2026-07-21T01:30:00+00:00,186.32500000000007,186.37200000000007,186.30100000000007,186.36900000000009,4373
2026-07-21T01:45:00+00:00,186.36900000000009,186.37700000000007,186.35400000000007,186.35600000000008,2403
2026-07-21T02:00:00+00:00,186.35600000000008,186.39500000000007,186.35100000000008,186.3640000000001,2425
2026-07-21T02:15:00+00:00,186.3640000000001,186.37100000000007,186.3350000000001,186.3350000000001,2931
2026-07-21T02:30:00+00:00,186.3350000000001,186.35100000000008,186.31800000000007,186.32400000000007,3923
2026-07-21T02:45:00+00:00,186.32400000000007,186.32600000000008,186.2750000000001,186.2810000000001,3171
2026-07-21T03:00:00+00:00,186.2810000000001,186.3050000000001,186.2680000000001,186.27900000000008,3393
2026-07-21T03:15:00+00:00,186.27900000000008,186.29400000000007,186.2740000000001,186.28500000000008,2803
2026-07-21T03:30:00+00:00,186.28500000000008,186.31300000000007,186.28400000000008,186.29000000000008,2211
2026-07-21T03:45:00+00:00,186.29000000000008,186.3230000000001,186.29000000000008,186.2980000000001,2899
2026-07-21T04:00:00+00:00,186.2980000000001,186.33700000000007,186.2920000000001,186.32700000000008,2973
2026-07-21T04:15:00+00:00,186.32700000000008,186.34200000000007,186.3220000000001,186.3280000000001,1443
2026-07-21T04:30:00+00:00,186.3280000000001,186.37200000000007,186.3230000000001,186.36800000000008,2377
2026-07-21T04:45:00+00:00,186.36800000000008,186.39200000000008,186.36100000000008,186.3880000000001,1831
2026-07-21T05:00:00+00:00,186.3880000000001,186.42100000000008,186.36600000000007,186.38400000000007,2635
2026-07-21T05:15:00+00:00,186.38400000000007,186.42100000000008,186.38400000000007,186.40700000000007,2975
2026-07-21T05:30:00+00:00,186.40700000000007,186.4420000000001,186.4060000000001,186.43100000000007,3410
2026-07-21T05:45:00+00:00,186.43100000000007,186.44400000000007,186.39600000000007,186.40700000000007,4037
2026-07-21T06:00:00+00:00,186.40700000000007,186.4600000000001,186.39500000000007,186.4470000000001,3889
2026-07-21T06:15:00+00:00,186.4470000000001,186.49700000000007,186.43700000000007,186.46700000000007,4143
2026-07-21T06:30:00+00:00,186.46700000000007,186.5310000000001,186.45800000000008,186.5240000000001,4338
2026-07-21T06:45:00+00:00,186.5240000000001,186.5360000000001,186.46800000000007,186.4890000000001,4148
2026-07-21T07:00:00+00:00,186.4890000000001,186.5840000000001,186.4890000000001,186.53500000000008,4325
2026-07-21T07:15:00+00:00,186.53500000000008,186.63500000000008,186.53400000000008,186.60500000000008,3772
2026-07-21T07:30:00+00:00,186.60500000000008,186.61700000000008,186.56900000000007,186.57600000000008,2760
2026-07-21T07:45:00+00:00,186.57600000000008,186.62400000000008,186.56200000000007,186.59800000000007,3436
2026-07-21T08:00:00+00:00,186.59800000000007,186.65700000000007,186.57400000000007,186.6500000000001,3196
2026-07-21T08:15:00+00:00,186.6500000000001,186.69600000000008,186.64700000000008,186.67600000000007,2793
2026-07-21T08:30:00+00:00,186.67600000000007,186.69500000000008,186.63100000000009,186.69400000000007,2504
2026-07-21T08:45:00+00:00,186.69400000000007,186.70000000000007,186.65400000000008,186.6620000000001,2033
2026-07-21T09:00:00+00:00,186.6620000000001,186.69900000000007,186.6620000000001,186.69600000000008,2532
2026-07-21T09:15:00+00:00,186.69600000000008,186.7040000000001,186.6440000000001,186.6620000000001,3459
2026-07-21T09:30:00+00:00,186.6620000000001,186.7510000000001,186.6500000000001,186.6860000000001,2952
2026-07-21T09:45:00+00:00,186.6860000000001,186.7160000000001,186.67000000000007,186.67000000000007,2833
2026-07-21T10:00:00+00:00,186.67000000000007,186.73100000000008,186.66000000000008,186.70200000000008,3796
2026-07-21T10:15:00+00:00,186.70200000000008,186.73200000000008,186.68400000000008,186.72600000000008,3913
2026-07-21T10:30:00+00:00,186.72600000000008,186.7810000000001,186.7210000000001,186.7280000000001,3371
2026-07-21T10:45:00+00:00,186.7280000000001,186.7280000000001,186.62900000000008,186.63100000000009,4946
2026-07-21T11:00:00+00:00,186.63100000000009,186.6970000000001,186.62700000000007,186.68700000000007,4450
2026-07-21T11:15:00+00:00,186.68700000000007,186.72600000000008,186.6860000000001,186.71900000000008,2565
2026-07-21T11:30:00+00:00,186.71900000000008,186.75600000000009,186.7150000000001,186.74900000000008,3150
2026-07-21T11:45:00+00:00,186.74900000000008,186.74900000000008,186.68200000000007,186.69000000000008,3474
2026-07-21T12:00:00+00:00,186.69000000000008,186.71200000000007,186.65400000000008,186.66500000000008,4643
2026-07-21T12:15:00+00:00,186.66500000000008,186.71900000000008,186.64000000000007,186.69600000000008,4304
2026-07-21T12:30:00+00:00,186.69600000000008,186.74300000000008,186.66900000000007,186.68700000000007,3850
2026-07-21T12:45:00+00:00,186.68700000000007,186.72400000000007,186.60600000000008,186.64500000000007,4547
2026-07-21T13:00:00+00:00,186.64500000000007,186.68400000000008,186.62900000000008,186.67100000000008,4274
2026-07-21T13:15:00+00:00,186.67100000000008,186.6730000000001,186.60400000000007,186.62300000000008,5071
2026-07-21T13:30:00+00:00,186.62300000000008,186.67700000000008,186.57000000000008,186.5900000000001,6574
2026-07-21T13:45:00+00:00,186.5900000000001,186.73500000000007,186.5850000000001,186.71300000000008,6944
2026-07-21T14:00:00+00:00,186.71300000000008,186.8880000000001,186.70800000000008,186.87200000000007,5200
2026-07-21T14:15:00+00:00,186.87200000000007,186.87200000000007,186.77100000000007,186.78900000000007,4315
2026-07-21T14:30:00+00:00,186.78900000000007,186.78900000000007,186.71900000000008,186.77000000000007,5146
2026-07-21T14:45:00+00:00,186.77000000000007,186.80900000000008,186.6800000000001,186.79400000000007,7544
2026-07-21T15:00:00+00:00,186.79400000000007,186.79400000000007,186.7220000000001,186.72900000000007,5213
2026-07-21T15:15:00+00:00,186.72900000000007,186.80800000000008,186.7210000000001,186.7810000000001,4901
2026-07-21T15:30:00+00:00,186.7810000000001,186.83200000000008,186.76700000000008,186.7920000000001,4578
2026-07-21T15:45:00+00:00,186.7920000000001,186.82100000000008,186.7740000000001,186.8170000000001,2857
2026-07-21T16:00:00+00:00,186.8170000000001,186.84400000000008,186.8160000000001,186.8290000000001,2882
2026-07-21T16:15:00+00:00,186.8290000000001,186.84900000000007,186.79500000000007,186.81300000000007,2770
2026-07-21T16:30:00+00:00,186.81300000000007,186.82700000000008,186.79600000000008,186.80300000000008,2425
2026-07-21T16:45:00+00:00,186.80300000000008,186.8400000000001,186.7870000000001,186.81800000000007,2108
2026-07-21T17:00:00+00:00,186.81800000000007,186.85000000000008,186.7930000000001,186.84300000000007,2568
2026-07-21T17:15:00+00:00,186.84300000000007,186.8460000000001,186.8100000000001,186.8280000000001,1743
2026-07-21T17:30:00+00:00,186.8280000000001,186.8400000000001,186.8110000000001,186.81500000000008,2364
2026-07-21T17:45:00+00:00,186.81500000000008,186.83300000000008,186.80700000000007,186.82500000000007,3332
2026-07-21T18:00:00+00:00,186.82500000000007,186.94300000000007,186.7920000000001,186.8700000000001,5780
2026-07-21T18:15:00+00:00,186.8700000000001,186.90200000000007,186.8520000000001,186.9000000000001,3972
2026-07-21T18:30:00+00:00,186.9000000000001,186.96200000000007,186.8760000000001,186.96200000000007,3633
2026-07-21T18:45:00+00:00,186.96200000000007,186.98200000000008,186.92700000000008,186.94400000000007,3170
2026-07-21T19:00:00+00:00,186.94400000000007,186.97400000000007,186.9240000000001,186.95600000000007,4050
2026-07-21T19:15:00+00:00,186.95600000000007,186.96400000000008,186.92700000000008,186.93200000000007,3482
2026-07-21T19:30:00+00:00,186.93200000000007,186.93800000000007,186.91600000000008,186.92800000000008,3364
2026-07-21T19:45:00+00:00,186.92800000000008,186.95200000000008,186.92200000000008,186.94300000000007,5188
2026-07-21T20:00:00+00:00,186.94300000000007,186.9830000000001,186.93400000000008,186.95800000000008,3066
2026-07-21T20:15:00+00:00,186.95800000000008,186.9650000000001,186.9360000000001,186.96300000000008,1719
2026-07-21T20:30:00+00:00,186.96300000000008,186.96700000000007,186.92500000000007,186.94000000000008,1981
2026-07-21T20:45:00+00:00,186.94000000000008,186.9470000000001,186.83800000000008,186.8400000000001,2877
2026-07-21T21:00:00+00:00,186.8400000000001,186.8590000000001,186.7690000000001,186.82100000000008,141
2026-07-21T21:15:00+00:00,186.82100000000008,186.8470000000001,186.8110000000001,186.84500000000008,241
2026-07-21T21:30:00+00:00,186.84500000000008,186.87800000000007,186.83300000000008,186.86800000000008,279
2026-07-21T21:45:00+00:00,186.86800000000008,186.8700000000001,186.8530000000001,186.8640000000001,155
2026-07-21T22:00:00+00:00,186.8640000000001,186.89800000000008,186.8640000000001,186.8820000000001,1149
2026-07-21T22:15:00+00:00,186.8820000000001,186.90200000000007,186.87400000000008,186.90100000000007,816
2026-07-21T22:30:00+00:00,186.90100000000007,186.9060000000001,186.88700000000009,186.9000000000001,703
2026-07-21T22:45:00+00:00,186.9000000000001,186.9110000000001,186.89100000000008,186.90900000000008,604
2026-07-21T23:00:00+00:00,186.90900000000008,186.92200000000008,186.89500000000007,186.9110000000001,1061
2026-07-21T23:15:00+00:00,186.9110000000001,186.9300000000001,186.90100000000007,186.91000000000008,1203
2026-07-21T23:30:00+00:00,186.91000000000008,186.94000000000008,186.9060000000001,186.94000000000008,926
2026-07-21T23:45:00+00:00,186.94000000000008,186.95500000000007,186.92000000000007,186.9360000000001,1260
2026-07-22T00:00:00+00:00,186.9360000000001,186.9540000000001,186.86500000000007,186.87300000000008,5153
2026-07-22T00:15:00+00:00,186.87300000000008,186.8990000000001,186.8230000000001,186.86700000000008,5083
2026-07-22T00:30:00+00:00,186.86700000000008,186.89500000000007,186.84800000000007,186.87300000000008,5345
2026-07-22T00:45:00+00:00,186.87300000000008,186.92100000000008,186.86000000000007,186.90400000000008,5419
2026-07-22T01:00:00+00:00,186.90400000000008,186.94400000000007,186.8940000000001,186.9350000000001,4243
2026-07-22T01:15:00+00:00,186.9350000000001,186.94300000000007,186.9110000000001,186.93100000000007,3649
2026-07-22T01:30:00+00:00,186.93100000000007,186.93700000000007,186.87400000000008,186.90200000000007,4092
2026-07-22T01:45:00+00:00,186.90200000000007,186.91900000000007,186.8990000000001,186.90200000000007,2910
2026-07-22T02:00:00+00:00,186.90200000000007,186.9480000000001,186.88900000000007,186.94500000000008,2807
2026-07-22T02:15:00+00:00,186.94500000000008,186.95500000000007,186.90300000000008,186.92000000000007,3763
2026-07-22T02:30:00+00:00,186.92000000000007,186.9300000000001,186.89800000000008,186.90900000000008,3630
2026-07-22T02:45:00+00:00,186.90900000000008,186.93900000000008,186.90300000000008,186.90900000000008,3303
2026-07-22T03:00:00+00:00,186.90900000000008,186.95700000000008,186.90800000000007,186.94000000000008,3584
2026-07-22T03:15:00+00:00,186.94000000000008,186.9770000000001,186.9360000000001,186.9540000000001,3059
2026-07-22T03:30:00+00:00,186.9540000000001,186.96300000000008,186.92600000000007,186.9410000000001,2482
2026-07-22T03:45:00+00:00,186.9410000000001,186.9840000000001,186.94000000000008,186.98000000000008,3243
2026-07-22T04:00:00+00:00,186.98000000000008,187.0010000000001,186.96200000000007,186.99200000000008,3033
2026-07-22T04:15:00+00:00,186.99200000000008,187.01700000000008,186.9840000000001,187.00000000000009,2404
2026-07-22T04:30:00+00:00,187.00000000000009,187.0070000000001,186.9840000000001,186.99100000000007,1861
2026-07-22T04:45:00+00:00,186.99100000000007,187.02300000000008,186.98100000000008,187.01400000000007,1983
2026-07-22T05:00:00+00:00,187.01400000000007,187.02700000000007,186.98800000000008,186.99900000000008,2603
2026-07-22T05:15:00+00:00,186.99900000000008,187.01400000000007,186.98600000000008,186.99400000000009,3589
2026-07-22T05:30:00+00:00,186.99400000000009,187.00300000000007,186.95200000000008,186.96900000000008,3754
2026-07-22T05:45:00+00:00,186.96900000000008,186.99900000000008,186.9060000000001,186.93700000000007,5127
2026-07-22T06:00:00+00:00,186.93700000000007,186.99900000000008,186.91300000000007,186.95600000000007,5094
2026-07-22T06:15:00+00:00,186.95600000000007,186.9950000000001,186.93400000000008,186.94300000000007,5513
2026-07-22T06:30:00+00:00,186.94300000000007,187.01400000000007,186.92100000000008,186.99800000000008,3737
2026-07-22T06:45:00+00:00,186.99800000000008,187.02800000000008,186.95500000000007,186.97900000000007,3554
2026-07-22T07:00:00+00:00,186.97900000000007,186.9950000000001,186.93300000000008,186.9840000000001,4564
2026-07-22T07:15:00+00:00,186.9840000000001,187.05100000000007,186.96800000000007,187.0420000000001,3887
2026-07-22T07:30:00+00:00,187.0420000000001,187.04400000000007,186.61100000000008,186.72400000000007,9905
2026-07-22T07:45:00+00:00,186.72400000000007,186.7750000000001,186.6730000000001,186.76700000000008,4464
2026-07-22T08:00:00+00:00,186.76700000000008,186.85600000000008,186.71700000000007,186.83300000000008,5410
2026-07-22T08:15:00+00:00,186.83300000000008,186.9170000000001,186.8290000000001,186.90100000000007,4766
2026-07-22T08:30:00+00:00,186.90100000000007,186.92100000000008,186.85500000000008,186.8760000000001,4571
2026-07-22T08:45:00+00:00,186.8760000000001,186.89100000000008,186.7920000000001,186.79400000000007,3930
2026-07-22T09:00:00+00:00,186.79400000000007,186.8460000000001,186.79400000000007,186.8160000000001,4589
2026-07-22T09:15:00+00:00,186.8160000000001,186.82000000000008,186.78300000000007,186.80600000000007,3976
2026-07-22T09:30:00+00:00,186.80600000000007,186.8940000000001,186.80600000000007,186.82500000000007,4009
2026-07-22T09:45:00+00:00,186.82500000000007,186.83800000000008,186.7870000000001,186.79700000000008,4301
2026-07-22T10:00:00+00:00,186.79700000000008,186.82000000000008,186.74900000000008,186.81300000000007,3814
2026-07-22T10:15:00+00:00,186.81300000000007,186.86600000000007,186.7980000000001,186.8110000000001,3330
2026-07-22T10:30:00+00:00,186.8110000000001,186.82700000000008,186.76700000000008,186.79700000000008,3047
2026-07-22T10:45:00+00:00,186.79700000000008,186.85700000000008,186.74900000000008,186.76600000000008,3947
2026-07-22T11:00:00+00:00,186.76600000000008,186.78200000000007,186.73600000000008,186.76700000000008,3936
2026-07-22T11:15:00+00:00,186.76700000000008,186.8050000000001,186.75200000000007,186.79400000000007,3439
2026-07-22T11:30:00+00:00,186.79400000000007,186.83200000000008,186.77900000000008,186.8230000000001,4294
2026-07-22T11:45:00+00:00,186.8230000000001,186.88400000000007,186.80700000000007,186.87900000000008,4799
2026-07-22T12:00:00+00:00,186.87900000000008,186.9230000000001,186.86200000000008,186.92200000000008,4702
2026-07-22T12:15:00+00:00,186.92200000000008,186.93100000000007,186.89800000000008,186.92000000000007,3937
2026-07-22T12:30:00+00:00,186.92000000000007,186.97400000000007,186.91000000000008,186.9230000000001,3693
2026-07-22T12:45:00+00:00,186.9230000000001,186.9480000000001,186.86800000000008,186.93300000000008,5404
2026-07-22T13:00:00+00:00,186.93300000000008,186.99200000000008,186.91000000000008,186.9530000000001,4980
2026-07-22T13:15:00+00:00,186.9530000000001,187.03200000000007,186.94600000000008,187.0070000000001,5393
2026-07-22T13:30:00+00:00,187.0070000000001,187.0550000000001,186.97600000000008,187.00400000000008,6652
2026-07-22T13:45:00+00:00,187.00400000000008,187.02300000000008,186.96100000000007,186.9710000000001,6341
2026-07-22T14:00:00+00:00,186.9710000000001,187.03800000000007,186.94300000000007,187.01600000000008,5293
2026-07-22T14:15:00+00:00,187.01600000000008,187.04700000000008,186.95100000000008,186.9530000000001,5749
2026-07-22T14:30:00+00:00,186.9530000000001,186.96900000000008,186.91300000000007,186.92800000000008,5197
2026-07-22T14:45:00+00:00,186.92800000000008,186.97400000000007,186.91000000000008,186.96300000000008,7026
2026-07-22T15:00:00+00:00,186.96300000000008,186.97500000000008,186.92100000000008,186.95600000000007,5258
2026-07-22T15:15:00+00:00,186.95600000000007,187.0300000000001,186.95200000000008,187.0250000000001,3695
2026-07-22T15:30:00+00:00,187.0250000000001,187.0300000000001,186.94400000000007,186.96700000000007,4883
2026-07-22T15:45:00+00:00,186.96700000000007,187.0010000000001,186.9540000000001,186.99700000000007,5403
2026-07-22T16:00:00+00:00,186.99700000000007,187.00300000000007,186.90100000000007,186.92200000000008,5087
2026-07-22T16:15:00+00:00,186.92200000000008,186.98100000000008,186.90300000000008,186.96300000000008,4501
2026-07-22T16:30:00+00:00,186.96300000000008,186.97500000000008,186.9300000000001,186.95000000000007,3594
2026-07-22T16:45:00+00:00,186.95000000000007,186.9660000000001,186.93100000000007,186.95700000000008,2964
2026-07-22T17:00:00+00:00,186.95700000000008,187.02700000000007,186.95600000000007,187.02100000000007,3185
2026-07-22T17:15:00+00:00,187.02100000000007,187.04600000000008,187.00800000000007,187.0250000000001,4397
2026-07-22T17:30:00+00:00,187.0250000000001,187.03400000000008,187.00800000000007,187.02900000000008,4191
2026-07-22T17:45:00+00:00,187.02900000000008,187.04500000000007,187.00800000000007,187.0250000000001,4081
2026-07-22T18:00:00+00:00,187.0250000000001,187.0420000000001,186.99300000000008,187.00500000000008,4301
2026-07-22T18:15:00+00:00,187.00500000000008,187.02700000000007,186.99100000000007,186.99700000000007,5261
2026-07-22T18:30:00+00:00,186.99700000000007,186.99900000000008,186.96700000000007,186.96900000000008,3808
2026-07-22T18:45:00+00:00,186.96900000000008,187.0130000000001,186.96100000000007,187.00600000000009,3177
2026-07-22T19:00:00+00:00,187.00600000000009,187.02300000000008,187.00200000000007,187.0070000000001,2906
2026-07-22T19:15:00+00:00,187.0070000000001,187.03200000000007,187.00600000000009,187.02600000000007,2215
2026-07-22T19:30:00+00:00,187.02600000000007,187.04000000000008,187.00900000000007,187.03900000000007,2338
2026-07-22T19:45:00+00:00,187.03900000000007,187.05000000000007,187.01100000000008,187.03400000000008,3034
2026-07-22T20:00:00+00:00,187.03400000000008,187.05000000000007,187.02600000000007,187.0430000000001,2522
2026-07-22T20:15:00+00:00,187.0430000000001,187.05700000000007,187.03200000000007,187.0370000000001,1205
2026-07-22T20:30:00+00:00,187.0370000000001,187.0540000000001,187.0250000000001,187.05000000000007,1044
2026-07-22T20:45:00+00:00,187.05000000000007,187.06800000000007,186.99100000000007,186.99100000000007,2122
2026-07-22T21:00:00+00:00,186.99100000000007,186.99100000000007,186.90400000000008,186.93700000000007,126.70702517100504
2026-07-22T21:15:00+00:00,186.93700000000007,186.95000000000007,186.91300000000007,186.92700000000008,372
2026-07-22T21:30:00+00:00,186.92700000000008,186.94000000000008,186.9000000000001,186.9180000000001,458
2026-07-22T21:45:00+00:00,186.9180000000001,186.93300000000008,186.9120000000001,186.93300000000008,414
2026-07-22T22:00:00+00:00,186.93300000000008,186.97400000000007,186.90700000000007,186.92100000000008,812
2026-07-22T22:15:00+00:00,186.92100000000008,186.93100000000007,186.9050000000001,186.92800000000008,856
2026-07-22T22:30:00+00:00,186.92800000000008,186.95200000000008,186.92800000000008,186.93200000000007,858
2026-07-22T22:45:00+00:00,186.93200000000007,186.94400000000007,186.92600000000007,186.94400000000007,638
2026-07-22T23:00:00+00:00,186.94400000000007,186.9720000000001,186.93400000000008,186.96300000000008,1052
2026-07-22T23:15:00+00:00,186.96300000000008,186.97500000000008,186.95000000000007,186.97500000000008,768
2026-07-22T23:30:00+00:00,186.97500000000008,186.9780000000001,186.96100000000007,186.97300000000007,907
2026-07-22T23:45:00+00:00,186.97300000000007,186.99000000000007,186.96400000000008,186.96700000000007,1383
2026-07-23T00:00:00+00:00,186.96700000000007,187.01100000000008,186.9650000000001,186.98200000000008,3871
2026-07-23T00:15:00+00:00,186.98200000000008,187.01100000000008,186.9710000000001,186.98800000000008,3226
2026-07-23T00:30:00+00:00,186.98800000000008,187.01700000000008,186.9830000000001,187.01100000000008,3355
2026-07-23T00:45:00+00:00,187.01100000000008,187.05000000000007,186.99200000000008,187.02800000000008,4482
2026-07-23T01:00:00+00:00,187.02800000000008,187.07000000000008,187.01000000000008,187.0370000000001,5785
2026-07-23T01:15:00+00:00,187.0370000000001,187.05900000000008,187.02000000000007,187.04700000000008,3573
2026-07-23T01:30:00+00:00,187.04700000000008,187.06400000000008,186.9650000000001,186.9950000000001,6181
2026-07-23T01:45:00+00:00,186.9950000000001,187.0310000000001,186.9890000000001,187.0190000000001,3838
2026-07-23T02:00:00+00:00,187.0190000000001,187.05600000000007,187.01700000000008,187.05000000000007,2940
2026-07-23T02:15:00+00:00,187.05000000000007,187.0910000000001,187.03900000000007,187.08900000000008,2469
2026-07-23T02:30:00+00:00,187.08900000000008,187.1920000000001,187.08900000000008,187.1860000000001,3238
2026-07-23T02:45:00+00:00,187.1860000000001,187.2160000000001,187.18200000000007,187.20800000000008,2512
2026-07-23T03:00:00+00:00,187.20800000000008,187.23500000000007,187.16000000000008,187.16000000000008,3926
2026-07-23T03:15:00+00:00,187.16000000000008,187.2150000000001,187.1560000000001,187.21100000000007,3561
2026-07-23T03:30:00+00:00,187.21100000000007,187.23500000000007,187.19900000000007,187.21700000000007,3062
2026-07-23T03:45:00+00:00,187.21700000000007,187.22900000000007,187.2030000000001,187.2040000000001,3673
2026-07-23T04:00:00+00:00,187.2040000000001,187.31800000000007,187.19400000000007,187.2930000000001,3755
2026-07-23T04:15:00+00:00,187.2930000000001,187.30100000000007,187.24700000000007,187.30000000000007,3329
2026-07-23T04:30:00+00:00,187.30000000000007,187.3220000000001,187.26700000000008,187.2680000000001,2706
2026-07-23T04:45:00+00:00,187.2680000000001,187.30900000000008,187.25900000000007,187.29400000000007,2932
2026-07-23T05:00:00+00:00,187.29400000000007,187.3350000000001,187.29400000000007,187.2990000000001,2564
2026-07-23T05:15:00+00:00,187.2990000000001,187.30000000000007,187.27100000000007,187.28300000000007,2498
2026-07-23T05:30:00+00:00,187.28300000000007,187.28400000000008,187.24600000000007,187.26700000000008,3103
2026-07-23T05:45:00+00:00,187.26700000000008,187.30700000000007,187.25800000000007,187.2920000000001,2510
2026-07-23T06:00:00+00:00,187.2920000000001,187.34400000000008,187.2570000000001,187.28200000000007,4379
2026-07-23T06:15:00+00:00,187.28200000000007,187.2980000000001,187.21700000000007,187.22600000000008,3610
2026-07-23T06:30:00+00:00,187.22600000000008,187.23500000000007,187.1800000000001,187.21400000000008,4045
2026-07-23T06:45:00+00:00,187.21400000000008,187.2450000000001,187.19300000000007,187.2210000000001,3313
2026-07-23T07:00:00+00:00,187.2210000000001,187.27200000000008,187.20700000000008,187.27200000000008,6092
2026-07-23T07:15:00+00:00,187.27200000000008,187.2980000000001,187.24000000000007,187.28500000000008,3966
2026-07-23T07:30:00+00:00,187.28500000000008,187.3520000000001,187.27900000000008,187.3110000000001,4363
2026-07-23T07:45:00+00:00,187.3110000000001,187.52600000000007,187.28900000000007,187.44300000000007,9990
2026-07-23T08:00:00+00:00,187.44300000000007,187.47600000000008,187.4110000000001,187.43400000000008,6065
2026-07-23T08:15:00+00:00,187.43400000000008,187.4360000000001,187.37800000000007,187.4120000000001,3638
2026-07-23T08:30:00+00:00,187.4120000000001,187.41400000000007,187.26100000000008,187.28200000000007,5024
2026-07-23T08:45:00+00:00,187.28200000000007,187.30600000000007,187.2270000000001,187.2390000000001,5414
2026-07-23T09:00:00+00:00,187.2390000000001,187.29000000000008,187.23500000000007,187.2680000000001,4006
2026-07-23T09:15:00+00:00,187.2680000000001,187.3160000000001,187.26200000000009,187.27600000000007,3264
2026-07-23T09:30:00+00:00,187.27600000000007,187.29700000000008,187.25300000000007,187.29700000000008,3246
2026-07-23T09:45:00+00:00,187.29700000000008,187.3280000000001,187.27900000000008,187.31300000000007,3340
2026-07-23T10:00:00+00:00,187.31300000000007,187.31800000000007,187.24700000000007,187.2570000000001,3840
2026-07-23T10:15:00+00:00,187.2570000000001,187.26400000000007,187.1860000000001,187.22000000000008,4026
2026-07-23T10:30:00+00:00,187.22000000000008,187.24400000000009,187.1970000000001,187.2030000000001,3790
2026-07-23T10:45:00+00:00,187.2030000000001,187.2220000000001,187.1620000000001,187.18400000000008,4859
2026-07-23T11:00:00+00:00,187.18400000000008,187.1980000000001,187.14700000000008,187.18400000000008,3991
2026-07-23T11:15:00+00:00,187.18400000000008,187.1920000000001,187.11700000000008,187.12800000000007,4626
2026-07-23T11:30:00+00:00,187.12800000000007,187.1490000000001,186.99000000000007,187.14200000000008,8950
2026-07-23T11:45:00+00:00,187.14200000000008,187.15700000000007,186.89100000000008,187.15100000000007,7603
2026-07-23T12:00:00+00:00,187.15100000000007,187.16600000000008,187.07700000000008,187.11000000000007,5236
2026-07-23T12:15:00+00:00,187.11000000000007,187.12500000000009,186.9840000000001,187.0900000000001,4791
2026-07-23T12:30:00+00:00,187.0900000000001,187.17700000000008,187.06400000000008,187.13700000000009,7673
2026-07-23T12:45:00+00:00,187.13700000000009,187.21100000000007,187.0850000000001,187.2040000000001,7547
2026-07-23T13:00:00+00:00,187.2040000000001,187.2220000000001,187.0960000000001,187.0960000000001,9419
2026-07-23T13:15:00+00:00,187.0960000000001,187.23700000000008,187.06400000000008,187.22300000000007,7403
2026-07-23T13:30:00+00:00,187.22300000000007,187.30900000000008,187.1910000000001,187.2920000000001,8544
2026-07-23T13:45:00+00:00,187.2920000000001,187.37400000000008,187.27000000000007,187.32700000000008,7745
2026-07-23T14:00:00+00:00,187.32700000000008,187.35000000000008,187.22400000000007,187.23500000000007,8498
2026-07-23T14:15:00+00:00,187.23500000000007,187.26600000000008,187.1680000000001,187.26500000000007,8477
2026-07-23T14:30:00+00:00,187.26500000000007,187.2930000000001,187.21200000000007,187.2210000000001,7186
2026-07-23T14:45:00+00:00,187.2210000000001,187.30000000000007,187.19900000000007,187.26600000000008,8033
2026-07-23T15:00:00+00:00,187.26600000000008,187.29400000000007,187.18800000000007,187.2270000000001,6616
2026-07-23T15:15:00+00:00,187.2270000000001,187.25200000000007,187.0850000000001,187.20000000000007,8723
2026-07-23T15:30:00+00:00,187.20000000000007,187.2100000000001,187.15100000000007,187.1790000000001,8263
2026-07-23T15:45:00+00:00,187.1790000000001,187.1980000000001,187.1380000000001,187.15400000000008,5411
2026-07-23T16:00:00+00:00,187.15400000000008,187.2270000000001,187.15200000000007,187.20500000000007,5064
2026-07-23T16:15:00+00:00,187.20500000000007,187.2100000000001,187.17100000000008,187.17700000000008,6341
2026-07-23T16:30:00+00:00,187.17700000000008,187.21200000000007,187.16500000000008,187.1910000000001,5198
2026-07-23T16:45:00+00:00,187.1910000000001,187.23500000000007,187.18900000000008,187.2280000000001,4287
2026-07-23T17:00:00+00:00,187.2280000000001,187.23500000000007,187.1670000000001,187.1800000000001,7377
2026-07-23T17:15:00+00:00,187.1800000000001,187.19600000000008,187.1620000000001,187.17800000000008,5607
2026-07-23T17:30:00+00:00,187.17800000000008,187.18700000000007,187.15700000000007,187.17200000000008,4923
2026-07-23T17:45:00+00:00,187.17200000000008,187.20000000000007,187.1670000000001,187.1740000000001,5371
2026-07-23T18:00:00+00:00,187.1740000000001,187.2030000000001,187.17100000000008,187.18300000000008,4172
2026-07-23T18:15:00+00:00,187.18300000000008,187.1860000000001,187.1550000000001,187.17800000000008,3607
2026-07-23T18:30:00+00:00,187.17800000000008,187.19400000000007,187.1670000000001,187.1730000000001,4272
2026-07-23T18:45:00+00:00,187.1730000000001,187.2100000000001,187.16900000000007,187.20700000000008,3450
2026-07-23T19:00:00+00:00,187.20700000000008,187.2220000000001,187.1910000000001,187.20700000000008,2200
2026-07-23T19:15:00+00:00,187.20700000000008,187.23100000000008,187.20000000000007,187.22400000000007,4626
2026-07-23T19:30:00+00:00,187.22400000000007,187.2570000000001,187.20800000000008,187.25300000000007,4626
2026-07-23T19:45:00+00:00,187.25300000000007,187.27200000000008,187.2390000000001,187.25200000000007,3960
2026-07-23T20:00:00+00:00,187.25200000000007,187.27200000000008,187.24800000000008,187.26100000000008,1903
2026-07-23T20:15:00+00:00,187.26100000000008,187.28800000000007,187.24600000000007,187.2860000000001,1142
2026-07-23T20:30:00+00:00,187.2860000000001,187.31500000000008,187.27900000000008,187.3100000000001,1209
2026-07-23T20:45:00+00:00,187.3100000000001,187.31500000000008,187.21900000000008,187.2220000000001,1326
2026-07-23T21:00:00+00:00,187.2220000000001,187.24000000000007,187.1860000000001,187.23700000000008,108.44669997917968
2026-07-23T21:15:00+00:00,187.23700000000008,187.27300000000005,187.2330000000001,187.26300000000006,134.87509643610414
2026-07-23T21:30:00+00:00,187.26300000000006,187.26300000000006,187.18700000000007,187.23000000000008,360
2026-07-23T21:45:00+00:00,187.23000000000008,187.26100000000005,187.17300000000006,187.18100000000007,641
2026-07-23T22:00:00+00:00,187.18100000000007,187.28200000000007,187.18100000000007,187.27200000000008,779
2026-07-23T22:15:00+00:00,187.27200000000008,187.29800000000006,187.27100000000007,187.28500000000005,548
2026-07-23T22:30:00+00:00,187.28500000000005,187.29600000000008,187.26700000000005,187.28800000000007,670
2026-07-23T22:45:00+00:00,187.28800000000007,187.31600000000006,187.28100000000006,187.31500000000005,474
2026-07-23T23:00:00+00:00,187.31500000000005,187.32100000000005,187.29100000000005,187.29200000000006,784
2026-07-23T23:15:00+00:00,187.29200000000006,187.29400000000007,187.27200000000008,187.27600000000007,786
2026-07-23T23:30:00+00:00,187.27600000000007,187.28900000000007,187.24100000000007,187.26200000000006,1388
2026-07-23T23:45:00+00:00,187.26200000000006,187.28600000000006,187.25600000000006,187.25700000000006,2342
2026-07-24T00:00:00+00:00,187.25700000000006,187.34700000000007,187.24100000000007,187.30600000000007,5857
2026-07-24T00:15:00+00:00,187.30600000000007,187.34700000000007,187.29400000000007,187.33000000000007,3981
2026-07-24T00:30:00+00:00,187.33000000000007,187.36700000000008,187.30500000000006,187.36200000000008,3553
2026-07-24T00:45:00+00:00,187.36200000000008,187.39600000000007,187.33500000000006,187.34900000000007,5965
2026-07-24T01:00:00+00:00,187.34900000000007,187.40400000000005,187.34200000000007,187.38500000000008,4178
2026-07-24T01:15:00+00:00,187.38500000000008,187.38900000000007,187.32500000000007,187.34800000000007,4860
2026-07-24T01:30:00+00:00,187.34800000000007,187.35400000000007,187.28100000000006,187.29500000000007,5242
2026-07-24T01:45:00+00:00,187.29500000000007,187.34300000000007,187.29000000000008,187.30400000000006,3759
2026-07-24T02:00:00+00:00,187.30400000000006,187.32600000000008,187.29800000000006,187.31500000000005,3390
2026-07-24T02:15:00+00:00,187.31500000000005,187.32300000000006,187.29300000000006,187.31400000000008,3159
2026-07-24T02:30:00+00:00,187.31400000000008,187.32800000000006,187.28900000000007,187.30600000000007,2735
2026-07-24T02:45:00+00:00,187.30600000000007,187.31300000000007,187.25300000000007,187.25300000000007,3330
2026-07-24T03:00:00+00:00,187.25300000000007,187.27400000000006,187.23400000000007,187.26900000000006,3554
2026-07-24T03:15:00+00:00,187.26900000000006,187.32900000000006,187.26200000000006,187.31500000000005,2736
2026-07-24T03:30:00+00:00,187.31500000000005,187.34100000000007,187.31000000000006,187.32000000000008,3248
2026-07-24T03:45:00+00:00,187.32000000000008,187.32400000000007,187.29600000000008,187.30800000000008,2642
2026-07-24T04:00:00+00:00,187.30800000000008,187.33400000000006,187.30100000000007,187.33400000000006,3983
2026-07-24T04:15:00+00:00,187.33400000000006,187.35300000000007,187.31400000000008,187.32200000000006,2859
2026-07-24T04:30:00+00:00,187.32200000000006,187.32900000000006,187.26400000000007,187.27200000000008,2361
2026-07-24T04:45:00+00:00,187.27200000000008,187.28800000000007,187.25800000000007,187.28400000000008,2024
2026-07-24T05:00:00+00:00,187.28400000000008,187.30800000000008,187.27300000000005,187.29200000000006,2370
2026-07-24T05:15:00+00:00,187.29200000000006,187.32100000000005,187.29000000000008,187.30600000000007,2553
2026-07-24T05:30:00+00:00,187.30600000000007,187.34300000000007,187.28700000000006,187.29900000000006,3366
2026-07-24T05:45:00+00:00,187.29900000000006,187.30100000000007,187.26000000000008,187.27800000000008,2977
2026-07-24T06:00:00+00:00,187.27800000000008,187.29500000000007,187.22400000000007,187.27600000000007,4228
2026-07-24T06:15:00+00:00,187.27600000000007,187.34800000000007,187.26500000000007,187.34200000000007,3402
2026-07-24T06:30:00+00:00,187.34200000000007,187.36300000000006,187.30200000000008,187.30700000000007,3949
2026-07-24T06:45:00+00:00,187.30700000000007,187.34500000000006,187.30700000000007,187.34000000000006,4025
2026-07-24T07:00:00+00:00,187.34000000000006,187.40400000000005,187.27400000000006,187.36800000000005,6056
2026-07-24T07:15:00+00:00,187.36800000000005,187.46900000000008,187.36600000000007,187.43100000000007,4825
2026-07-24T07:30:00+00:00,187.43100000000007,187.46400000000006,187.39900000000006,187.43900000000008,4994
2026-07-24T07:45:00+00:00,187.43900000000008,187.45400000000006,187.39000000000007,187.39500000000007,4042
2026-07-24T08:00:00+00:00,187.39500000000007,187.40300000000008,187.35500000000008,187.35900000000007,3980
2026-07-24T08:15:00+00:00,187.35900000000007,187.37600000000006,187.29400000000007,187.31600000000006,4700
2026-07-24T08:30:00+00:00,187.31600000000006,187.34300000000007,187.28800000000007,187.33300000000006,3609
2026-07-24T08:45:00+00:00,187.33300000000006,187.33700000000007,187.23800000000006,187.24700000000007,4863
2026-07-24T09:00:00+00:00,187.24700000000007,187.31200000000007,187.24500000000006,187.27900000000005,4013
2026-07-24T09:15:00+00:00,187.27900000000005,187.32600000000008,187.25900000000007,187.31800000000007,3422
2026-07-24T09:30:00+00:00,187.31800000000007,187.33000000000007,187.27800000000008,187.29100000000005,3644
2026-07-24T09:45:00+00:00,187.29100000000005,187.31100000000006,187.26000000000008,187.28900000000007,3687
2026-07-24T10:00:00+00:00,187.28900000000007,187.35100000000006,187.27100000000007,187.31800000000007,2972
2026-07-24T10:15:00+00:00,187.31800000000007,187.38200000000006,187.30500000000006,187.34200000000007,3688
2026-07-24T10:30:00+00:00,187.34200000000007,187.37500000000006,187.33300000000006,187.33600000000007,3588
2026-07-24T10:45:00+00:00,187.33600000000007,187.35700000000006,187.28400000000008,187.30800000000008,3972
2026-07-24T11:00:00+00:00,187.30800000000008,187.36300000000006,187.27900000000005,187.36100000000008,3885
2026-07-24T11:15:00+00:00,187.36100000000008,187.36200000000008,187.28800000000007,187.28800000000007,3369
2026-07-24T11:30:00+00:00,187.28800000000007,187.28900000000007,187.23700000000008,187.26500000000007,3256
2026-07-24T11:45:00+00:00,187.26500000000007,187.28100000000006,187.16000000000005,187.19100000000006,5360
2026-07-24T12:00:00+00:00,187.19100000000006,187.25000000000006,187.15900000000008,187.23600000000008,5644
2026-07-24T12:15:00+00:00,187.23600000000008,187.24700000000007,187.19300000000007,187.20500000000007,4617
2026-07-24T12:30:00+00:00,187.20500000000007,187.21800000000007,187.10300000000007,187.10800000000006,4492
2026-07-24T12:45:00+00:00,187.10800000000006,187.17200000000005,187.10600000000008,187.16200000000006,4268
2026-07-24T13:00:00+00:00,187.16200000000006,187.19300000000007,187.10500000000008,187.16200000000006,5007
2026-07-24T13:15:00+00:00,187.16200000000006,187.22500000000008,187.15100000000007,187.18500000000006,5010
2026-07-24T13:30:00+00:00,187.18500000000006,187.20800000000006,187.13500000000008,187.17700000000008,5422
2026-07-24T13:45:00+00:00,187.17700000000008,187.21700000000007,187.13800000000006,187.19500000000008,4851
2026-07-24T14:00:00+00:00,187.19500000000008,187.23300000000006,187.14200000000005,187.16800000000006,6447
2026-07-24T14:15:00+00:00,187.16800000000006,187.21900000000008,187.15300000000008,187.18200000000007,5513
2026-07-24T14:30:00+00:00,187.18200000000007,187.22000000000006,187.16200000000006,187.16400000000007,4614
2026-07-24T14:45:00+00:00,187.16400000000007,187.21000000000006,187.10600000000008,187.18900000000008,7451
2026-07-24T15:00:00+00:00,187.18900000000008,187.28100000000006,187.18000000000006,187.25300000000007,8044
2026-07-24T15:15:00+00:00,187.25300000000007,187.28200000000007,187.22300000000007,187.22600000000006,7777
2026-07-24T15:30:00+00:00,187.22600000000006,187.30500000000006,187.22000000000006,187.26600000000008,5825
2026-07-24T15:45:00+00:00,187.26600000000008,187.29000000000008,187.23700000000008,187.24300000000005,4062
2026-07-24T16:00:00+00:00,187.24300000000005,187.26700000000005,187.20900000000006,187.25300000000007,4226
2026-07-24T16:15:00+00:00,187.25300000000007,187.26900000000006,187.22100000000006,187.23900000000006,3320
2026-07-24T16:30:00+00:00,187.23900000000006,187.24400000000006,187.21100000000007,187.21900000000008,3776
2026-07-24T16:45:00+00:00,187.21900000000008,187.23500000000007,187.19700000000006,187.21000000000006,3455
2026-07-24T17:00:00+00:00,187.21000000000006,187.22500000000008,187.12900000000008,187.14500000000007,5516
2026-07-24T17:15:00+00:00,187.14500000000007,187.16000000000005,187.11400000000006,187.14700000000008,3339
2026-07-24T17:30:00+00:00,187.14700000000008,187.16100000000006,187.11100000000008,187.12100000000007,3518
2026-07-24T17:45:00+00:00,187.12100000000007,187.12600000000006,187.10100000000006,187.11300000000006,2981
2026-07-24T18:00:00+00:00,187.11300000000006,187.13100000000006,187.09400000000008,187.12000000000006,2673
2026-07-24T18:15:00+00:00,187.12000000000006,187.13700000000006,187.10200000000006,187.13500000000008,2821
2026-07-24T18:30:00+00:00,187.13500000000008,187.14400000000006,187.12100000000007,187.13300000000007,2604
2026-07-24T18:45:00+00:00,187.13300000000007,187.15700000000007,187.13000000000005,187.15000000000006,1880
2026-07-24T19:00:00+00:00,187.15000000000006,187.15500000000006,187.12600000000006,187.14400000000006,2307
2026-07-24T19:15:00+00:00,187.14400000000006,187.15700000000007,187.12500000000006,187.13900000000007,1871
2026-07-24T19:30:00+00:00,187.13900000000007,187.17700000000008,187.13400000000007,187.15800000000007,3197
2026-07-24T19:45:00+00:00,187.15800000000007,187.17000000000007,187.14500000000007,187.16300000000007,1935
2026-07-24T20:00:00+00:00,187.16300000000007,187.17300000000006,187.15400000000005,187.16400000000007,1091
2026-07-24T20:15:00+00:00,187.16400000000007,187.16400000000007,187.13800000000006,187.14900000000006,869
2026-07-24T20:30:00+00:00,187.14900000000006,187.15500000000006,187.13100000000006,187.14500000000007,702
2026-07-24T20:45:00+00:00,187.14500000000007,187.18000000000006,186.273,186.279,2150
2026-07-26T21:00:00+00:00,186.279,186.32899999999998,186.22699999999998,186.27999999999997,284.5824877430342
2026-07-26T21:15:00+00:00,186.27999999999997,186.37699999999998,186.278,186.356,737
2026-07-26T21:30:00+00:00,186.356,186.36499999999998,186.285,186.34799999999998,615
2026-07-26T21:45:00+00:00,186.34799999999998,186.397,186.23199999999997,186.26299999999998,782
2026-07-26T22:00:00+00:00,186.26299999999998,186.40699999999998,186.26299999999998,186.38099999999997,3130
2026-07-26T22:15:00+00:00,186.38099999999997,186.404,186.368,186.398,1649
2026-07-26T22:30:00+00:00,186.398,186.39899999999997,186.356,186.38299999999998,1003
2026-07-26T22:45:00+00:00,186.38299999999998,186.38299999999998,186.34499999999997,186.35399999999998,822
2026-07-26T23:00:00+00:00,186.35399999999998,186.36999999999998,186.34099999999998,186.343,1649
2026-07-26T23:15:00+00:00,186.343,186.35,186.32899999999998,186.337,1417
2026-07-26T23:30:00+00:00,186.337,186.38,186.325,186.373,1685
2026-07-26T23:45:00+00:00,186.373,186.38,186.342,186.356,2347
2026-07-27T00:00:00+00:00,186.356,186.41199999999998,186.32699999999997,186.41099999999997,5924
2026-07-27T00:15:00+00:00,186.41099999999997,186.546,186.38799999999998,186.529,5968
2026-07-27T00:30:00+00:00,186.529,186.557,186.45799999999997,186.46099999999998,4682
2026-07-27T00:45:00+00:00,186.46099999999998,186.50599999999997,186.45,186.48299999999998,4742
2026-07-27T01:00:00+00:00,186.48299999999998,186.53199999999998,186.46599999999998,186.46699999999998,3738
2026-07-27T01:15:00+00:00,186.46699999999998,186.51799999999997,186.44799999999998,186.48299999999998,3924
2026-07-27T01:30:00+00:00,186.48299999999998,186.498,186.44199999999998,186.48799999999997,3338
2026-07-27T01:45:00+00:00,186.48799999999997,186.52999999999997,186.48499999999999,186.51799999999997,3769
2026-07-27T02:00:00+00:00,186.51799999999997,186.53699999999998,186.47899999999998,186.527,3692
2026-07-27T02:15:00+00:00,186.527,186.535,186.481,186.498,2415
2026-07-27T02:30:00+00:00,186.498,186.504,186.46499999999997,186.48399999999998,2583
2026-07-27T02:45:00+00:00,186.48399999999998,186.511,186.47199999999998,186.48399999999998,2548
2026-07-27T03:00:00+00:00,186.48399999999998,186.50099999999998,186.45,186.47099999999998,2726
2026-07-27T03:15:00+00:00,186.47099999999998,186.486,186.46099999999998,186.468,2307
2026-07-27T03:30:00+00:00,186.468,186.48,186.44699999999997,186.475,2759
2026-07-27T03:45:00+00:00,186.475,186.47899999999998,186.44699999999997,186.45399999999998,1722
2026-07-27T04:00:00+00:00,186.45399999999998,186.456,186.433,186.45,1758
2026-07-27T04:15:00+00:00,186.45,186.457,186.43499999999997,186.445,1914
2026-07-27T04:30:00+00:00,186.445,186.47699999999998,186.445,186.463,1820
2026-07-27T04:45:00+00:00,186.463,186.46699999999998,186.44099999999997,186.45499999999998,1950
2026-07-27T05:00:00+00:00,186.45499999999998,186.49699999999999,186.444,186.49499999999998,2328
2026-07-27T05:15:00+00:00,186.49499999999998,186.521,186.474,186.48499999999999,2079
2026-07-27T05:30:00+00:00,186.48499999999999,186.493,186.44799999999998,186.49099999999999,2597
2026-07-27T05:45:00+00:00,186.49099999999999,186.52599999999998,186.474,186.51,2254
2026-07-27T06:00:00+00:00,186.51,186.59099999999998,186.50699999999998,186.54699999999997,4045
2026-07-27T06:15:00+00:00,186.54699999999997,186.59499999999997,186.49399999999997,186.59099999999998,4669
2026-07-27T06:30:00+00:00,186.59099999999998,186.65599999999998,186.54799999999997,186.587,4556
2026-07-27T06:45:00+00:00,186.587,186.6,186.46399999999997,186.46399999999997,4443
2026-07-27T07:00:00+00:00,186.46399999999997,186.46499999999997,186.397,186.439,4955
2026-07-27T07:15:00+00:00,186.439,186.439,186.22699999999998,186.23299999999998,7006
2026-07-27T07:30:00+00:00,186.23299999999998,186.31499999999997,186.213,186.29999999999998,5658
2026-07-27T07:45:00+00:00,186.29999999999998,186.332,186.24999999999997,186.27399999999997,4757
2026-07-27T08:00:00+00:00,186.27399999999997,186.29799999999997,186.25099999999998,186.278,5372
2026-07-27T08:15:00+00:00,186.278,186.308,186.25799999999998,186.278,4953
2026-07-27T08:30:00+00:00,186.278,186.34199999999998,186.278,186.31699999999998,3694
2026-07-27T08:45:00+00:00,186.31699999999998,186.378,186.289,186.368,4298
2026-07-27T09:00:00+00:00,186.368,186.38099999999997,186.31699999999998,186.356,4415
2026-07-27T09:15:00+00:00,186.356,186.409,186.319,186.319,4831
2026-07-27T09:30:00+00:00,186.319,186.36599999999999,186.314,186.326,3702
2026-07-27T09:45:00+00:00,186.326,186.35399999999998,186.266,186.28699999999998,3623
2026-07-27T10:00:00+00:00,186.28699999999998,186.367,186.27999999999997,186.30499999999998,4939
2026-07-27T10:15:00+00:00,186.30499999999998,186.35699999999997,186.30499999999998,186.326,4009
2026-07-27T10:30:00+00:00,186.326,186.39,186.32399999999998,186.385,4588
2026-07-27T10:45:00+00:00,186.385,186.386,186.32799999999997,186.337,4500
2026-07-27T11:00:00+00:00,186.337,186.355,186.31699999999998,186.325,4845
2026-07-27T11:15:00+00:00,186.325,186.35299999999998,186.31599999999997,186.326,3412
2026-07-27T11:30:00+00:00,186.326,186.35899999999998,186.283,186.284,5731
2026-07-27T11:45:00+00:00,186.284,186.29199999999997,186.22699999999998,186.259,4455
2026-07-27T12:00:00+00:00,186.259,186.31099999999998,186.24599999999998,186.24999999999997,5310
2026-07-27T12:15:00+00:00,186.24999999999997,186.28199999999998,186.218,186.224,4404
2026-07-27T12:30:00+00:00,186.224,186.22699999999998,186.14399999999998,186.20399999999998,4317
2026-07-27T12:45:00+00:00,186.20399999999998,186.277,186.19699999999997,186.24999999999997,4916
2026-07-27T13:00:00+00:00,186.24999999999997,186.284,186.189,186.23,6925
2026-07-27T13:15:00+00:00,186.23,186.23299999999998,186.176,186.20899999999997,4780
2026-07-27T13:30:00+00:00,186.20899999999997,186.248,186.195,186.21499999999997,6421
2026-07-27T13:45:00+00:00,186.21499999999997,186.22699999999998,186.14399999999998,186.17,5695
2026-07-27T14:00:00+00:00,186.17,186.18399999999997,186.13199999999998,186.17399999999998,5905
2026-07-27T14:15:00+00:00,186.17399999999998,186.183,186.118,186.118,5194
2026-07-27T14:30:00+00:00,186.118,186.158,186.10099999999997,186.12199999999999,5446
2026-07-27T14:45:00+00:00,186.12199999999999,186.166,186.08299999999997,186.09699999999998,6025
2026-07-27T15:00:00+00:00,186.09699999999998,186.106,186.041,186.07799999999997,5286
2026-07-27T15:15:00+00:00,186.07799999999997,186.11499999999998,186.05899999999997,186.10999999999999,4919
2026-07-27T15:30:00+00:00,186.10999999999999,186.128,186.08999999999997,186.105,5321
2026-07-27T15:45:00+00:00,186.105,186.165,186.08499999999998,186.14299999999997,4195
2026-07-27T16:00:00+00:00,186.14299999999997,186.166,186.117,186.14499999999998,4789
2026-07-27T16:15:00+00:00,186.14499999999998,186.20199999999997,186.134,186.16299999999998,6078
2026-07-27T16:30:00+00:00,186.16299999999998,186.176,186.153,186.166,4505
2026-07-27T16:45:00+00:00,186.166,186.17399999999998,186.13899999999998,186.152,3625
2026-07-27T17:00:00+00:00,186.152,186.15699999999998,186.082,186.09499999999997,6079
2026-07-27T17:15:00+00:00,186.09499999999997,186.10199999999998,186.04899999999998,186.058,3867
2026-07-27T17:30:00+00:00,186.058,186.08999999999997,186.04699999999997,186.06099999999998,4215
2026-07-27T17:45:00+00:00,186.06099999999998,186.117,186.058,186.11399999999998,3626
2026-07-27T18:00:00+00:00,186.11399999999998,186.11599999999999,186.093,186.10199999999998,3344
2026-07-27T18:15:00+00:00,186.10199999999998,186.10799999999998,186.076,186.08999999999997,3192
2026-07-27T18:30:00+00:00,186.08999999999997,186.09499999999997,186.06099999999998,186.07899999999998,3425
2026-07-27T18:45:00+00:00,186.07899999999998,186.11499999999998,186.06499999999997,186.105,4247
2026-07-27T19:00:00+00:00,186.105,186.11399999999998,186.06699999999998,186.07199999999997,2715
2026-07-27T19:15:00+00:00,186.07199999999997,186.093,186.064,186.08899999999997,1871
2026-07-27T19:30:00+00:00,186.08899999999997,186.10399999999998,186.07399999999998,186.09199999999998,3150
2026-07-27T19:45:00+00:00,186.09199999999998,186.10399999999998,186.064,186.08899999999997,3634
2026-07-27T20:00:00+00:00,186.08899999999997,186.129,186.087,186.12599999999998,1734
2026-07-27T20:15:00+00:00,186.12599999999998,186.13,186.09199999999998,186.106,752
2026-07-27T20:30:00+00:00,186.106,186.10799999999998,186.07299999999998,186.07799999999997,959
2026-07-27T20:45:00+00:00,186.07799999999997,186.08299999999997,186.028,186.028,1624
2026-07-27T21:00:00+00:00,186.028,186.06799999999998,185.95899999999997,186.05999999999997,431
2026-07-27T21:15:00+00:00,186.05999999999997,186.07699999999997,186.029,186.034,547
2026-07-27T21:30:00+00:00,186.034,186.09699999999998,186.02499999999998,186.08899999999997,2570
2026-07-27T21:45:00+00:00,186.08899999999997,186.093,186.05399999999997,186.06099999999998,1891
2026-07-27T22:00:00+00:00,186.06099999999998,186.10699999999997,186.033,186.099,1121
2026-07-27T22:15:00+00:00,186.099,186.11399999999998,186.09199999999998,186.09699999999998,403
2026-07-27T22:30:00+00:00,186.09699999999998,186.10299999999998,186.08399999999997,186.08399999999997,486
2026-07-27T22:45:00+00:00,186.08399999999997,186.09099999999998,186.07999999999998,186.08299999999997,353
2026-07-27T23:00:00+00:00,186.08299999999997,186.08899999999997,186.05999999999997,186.07099999999997,1241
2026-07-27T23:15:00+00:00,186.07099999999997,186.09499999999997,186.069,186.093,805
2026-07-27T23:30:00+00:00,186.093,186.11399999999998,186.07999999999998,186.09099999999998,1113
2026-07-27T23:45:00+00:00,186.09099999999998,186.123,186.076,186.12099999999998,1370
2026-07-28T00:00:00+00:00,186.12099999999998,186.176,186.10099999999997,186.148,4344
2026-07-28T00:15:00+00:00,186.148,186.17499999999998,186.141,186.16899999999998,3645
2026-07-28T00:30:00+00:00,186.16899999999998,186.18699999999998,186.15699999999998,186.164,3664
2026-07-28T00:45:00+00:00,186.164,186.19099999999997,186.135,186.17,4721
2026-07-28T01:00:00+00:00,186.17,186.22099999999998,186.158,186.19299999999998,4313
2026-07-28T01:15:00+00:00,186.19299999999998,186.19699999999997,186.164,186.188,3682
2026-07-28T01:30:00+00:00,186.188,186.207,186.17,186.17199999999997,3527
2026-07-28T01:45:00+00:00,186.17199999999997,186.18499999999997,186.14899999999997,186.171,3867
2026-07-28T02:00:00+00:00,186.171,186.213,186.16099999999997,186.201,3369
2026-07-28T02:15:00+00:00,186.201,186.201,186.135,186.13899999999998,3246
2026-07-28T02:30:00+00:00,186.13899999999998,186.164,186.13099999999997,186.14399999999998,3142
2026-07-28T02:45:00+00:00,186.14399999999998,186.188,186.13699999999997,186.176,4066
2026-07-28T03:00:00+00:00,186.176,186.18499999999997,186.159,186.182,3850
2026-07-28T03:15:00+00:00,186.182,186.21699999999998,186.17799999999997,186.19899999999998,2959
2026-07-28T03:30:00+00:00,186.19899999999998,186.23399999999998,186.19599999999997,186.219,4258
2026-07-28T03:45:00+00:00,186.219,186.219,186.17799999999997,186.19099999999997,2837
2026-07-28T04:00:00+00:00,186.19099999999997,186.194,186.135,186.136,3369
2026-07-28T04:15:00+00:00,186.136,186.154,186.12499999999997,186.135,2389
2026-07-28T04:30:00+00:00,186.135,186.148,186.10799999999998,186.129,2214
2026-07-28T04:45:00+00:00,186.129,186.13799999999998,186.069,186.08299999999997,2312
2026-07-28T05:00:00+00:00,186.08299999999997,186.093,185.98899999999998,185.99399999999997,3688
2026-07-28T05:15:00+00:00,185.99399999999997,186.005,185.96399999999997,185.99699999999999,2608
2026-07-28T05:30:00+00:00,185.99699999999999,186.03799999999998,185.986,186.023,4281
2026-07-28T05:45:00+00:00,186.023,186.03799999999998,185.98899999999998,186.022,2911
2026-07-28T06:00:00+00:00,186.022,186.045,185.98399999999998,185.986,4083
2026-07-28T06:15:00+00:00,185.986,186.064,185.97899999999998,186.058,4785
2026-07-28T06:30:00+00:00,186.058,186.082,186.02399999999997,186.029,4737
2026-07-28T06:45:00+00:00,186.029,186.05299999999997,185.98899999999998,186.034,3674
2026-07-28T07:00:00+00:00,186.034,186.14299999999997,186.01799999999997,186.136,5345
2026-07-28T07:15:00+00:00,186.136,186.141,186.09499999999997,186.10799999999998,4178
2026-07-28T07:30:00+00:00,186.10799999999998,186.136,186.093,186.10799999999998,3952
2026-07-28T07:45:00+00:00,186.10799999999998,186.111,186.03699999999998,186.05299999999997,4330
2026-07-28T08:00:00+00:00,186.05299999999997,186.134,186.052,186.118,5197
2026-07-28T08:15:00+00:00,186.118,186.20499999999998,186.118,186.20299999999997,4933
2026-07-28T08:30:00+00:00,186.20299999999997,186.231,186.16099999999997,186.224,4371
2026-07-28T08:45:00+00:00,186.224,186.22799999999998,186.19299999999998,186.22699999999998,3598
2026-07-28T09:00:00+00:00,186.22699999999998,186.23899999999998,186.11899999999997,186.13099999999997,2713
2026-07-28T09:15:00+00:00,186.13099999999997,186.148,186.10899999999998,186.12099999999998,2232
2026-07-28T09:30:00+00:00,186.12099999999998,186.12499999999997,186.07699999999997,186.07899999999998,3382
2026-07-28T09:45:00+00:00,186.07899999999998,186.081,186.015,186.02399999999997,3483
2026-07-28T10:00:00+00:00,186.02399999999997,186.04799999999997,185.99099999999999,186.04699999999997,4314
2026-07-28T10:15:00+00:00,186.04699999999997,186.10399999999998,186.03199999999998,186.082,3344
2026-07-28T10:30:00+00:00,186.082,186.158,186.07799999999997,186.11899999999997,3704
2026-07-28T10:45:00+00:00,186.11899999999997,186.194,186.117,186.16099999999997,3290
2026-07-28T11:00:00+00:00,186.16099999999997,186.165,186.094,186.118,3149
2026-07-28T11:15:00+00:00,186.118,186.22099999999998,186.118,186.22099999999998,4294
2026-07-28T11:30:00+00:00,186.22099999999998,186.23999999999998,186.195,186.20299999999997,4253
2026-07-28T11:45:00+00:00,186.20299999999997,186.271,186.16299999999998,186.22799999999998,4609
2026-07-28T12:00:00+00:00,186.22799999999998,186.254,186.16299999999998,186.218,4016
2026-07-28T12:15:00+00:00,186.218,186.225,186.13199999999998,186.14399999999998,3443
2026-07-28T12:30:00+00:00,186.14399999999998,186.176,186.118,186.16099999999997,4129
2026-07-28T12:45:00+00:00,186.16099999999997,186.20799999999997,186.152,186.17899999999997,4569
2026-07-28T13:00:00+00:00,186.17899999999997,186.22899999999998,186.17499999999998,186.19299999999998,4032
2026-07-28T13:15:00+00:00,186.19299999999998,186.225,186.17999999999998,186.201,4118
2026-07-28T13:30:00+00:00,186.201,186.23899999999998,186.18999999999997,186.20999999999998,6453
2026-07-28T13:45:00+00:00,186.20999999999998,186.25199999999998,186.19799999999998,186.23799999999997,7431
2026-07-28T14:00:00+00:00,186.23799999999997,186.301,186.219,186.29299999999998,5645
2026-07-28T14:15:00+00:00,186.29299999999998,186.33999999999997,186.24499999999998,186.33999999999997,5612
2026-07-28T14:30:00+00:00,186.33999999999997,186.37199999999999,186.31699999999998,186.362,4927
2026-07-28T14:45:00+00:00,186.362,186.504,186.343,186.48899999999998,8054
2026-07-28T15:00:00+00:00,186.48899999999998,186.523,186.432,186.49999999999997,8559
2026-07-28T15:15:00+00:00,186.49999999999997,186.51399999999998,186.44899999999998,186.46499999999997,8822
2026-07-28T15:30:00+00:00,186.46499999999997,186.53799999999998,186.45299999999997,186.52599999999998,7685
2026-07-28T15:45:00+00:00,186.52599999999998,186.52599999999998,186.47599999999997,186.48399999999998,6717
2026-07-28T16:00:00+00:00,186.48399999999998,186.55999999999997,186.48399999999998,186.54299999999998,5494
2026-07-28T16:15:00+00:00,186.54299999999998,186.59599999999998,186.535,186.59199999999998,4839
2026-07-28T16:30:00+00:00,186.59199999999998,186.60399999999998,186.53199999999998,186.54899999999998,4210
2026-07-28T16:45:00+00:00,186.54899999999998,186.55999999999997,186.51399999999998,186.51899999999998,5747
2026-07-28T17:00:00+00:00,186.51899999999998,186.527,186.48199999999997,186.49499999999998,4331
2026-07-28T17:15:00+00:00,186.49499999999998,186.54299999999998,186.49499999999998,186.50699999999998,5986
2026-07-28T17:30:00+00:00,186.50699999999998,186.522,186.498,186.50599999999997,4169
2026-07-28T17:45:00+00:00,186.50599999999997,186.511,186.47299999999998,186.48,5255
2026-07-28T18:00:00+00:00,186.48,186.504,186.44299999999998,186.468,4482
2026-07-28T18:15:00+00:00,186.468,186.48999999999998,186.456,186.47199999999998,3432
2026-07-28T18:30:00+00:00,186.47199999999998,186.498,186.468,186.493,3216
2026-07-28T18:45:00+00:00,186.493,186.503,186.47599999999997,186.503,2634
2026-07-28T19:00:00+00:00,186.503,186.52499999999998,186.49399999999997,186.515,3071
2026-07-28T19:15:00+00:00,186.515,186.551,186.50799999999998,186.527,2743
2026-07-28T19:30:00+00:00,186.527,186.53699999999998,186.51199999999997,186.53199999999998,3181
2026-07-28T19:45:00+00:00,186.53199999999998,186.557,186.504,186.50599999999997,4557
2026-07-28T20:00:00+00:00,186.50599999999997,186.53599999999997,186.50599999999997,186.51799999999997,1926
2026-07-28T20:15:00+00:00,186.51799999999997,186.53199999999998,186.48899999999998,186.49999999999997,2006
2026-07-28T20:30:00+00:00,186.49999999999997,186.517,186.48499999999999,186.51399999999998,1916
2026-07-28T20:45:00+00:00,186.51399999999998,186.516,186.45399999999998,186.45399999999998,4152
2026-07-28T21:00:00+00:00,186.45399999999998,186.53599999999997,186.379,186.535,133
2026-07-28T21:15:00+00:00,186.535,186.55599999999998,186.49399999999997,186.49999999999997,403
2026-07-28T21:30:00+00:00,186.49999999999997,186.53199999999998,186.49699999999999,186.53099999999998,309.5570887673538
2026-07-28T21:45:00+00:00,186.53099999999998,186.536,186.492,186.499,454
2026-07-28T22:00:00+00:00,186.499,186.53199999999998,186.49599999999998,186.499,880
2026-07-28T22:15:00+00:00,186.499,186.51399999999998,186.452,186.458,1085
2026-07-28T22:30:00+00:00,186.458,186.492,186.458,186.482,1069
2026-07-28T22:45:00+00:00,186.482,186.48299999999998,186.45999999999998,186.464,857
2026-07-28T23:00:00+00:00,186.464,186.46699999999998,186.42899999999997,186.45499999999998,1432
2026-07-28T23:15:00+00:00,186.45499999999998,186.47899999999998,186.45399999999998,186.47799999999998,1274
2026-07-28T23:30:00+00:00,186.47799999999998,186.49699999999999,186.46699999999998,186.49599999999998,819
2026-07-28T23:45:00+00:00,186.49599999999998,186.505,186.46699999999998,186.504,1718
2026-07-29T00:00:00+00:00,186.504,186.511,186.44899999999998,186.469,4273
2026-07-29T00:15:00+00:00,186.469,186.49499999999998,186.44199999999998,186.47799999999998,4178
2026-07-29T00:30:00+00:00,186.47799999999998,186.493,186.422,186.433,2985
2026-07-29T00:45:00+00:00,186.433,186.43499999999997,186.326,186.39499999999998,5499
2026-07-29T01:00:00+00:00,186.39499999999998,186.415,186.37599999999998,186.38899999999998,4726
2026-07-29T01:15:00+00:00,186.38899999999998,186.462,186.38299999999998,186.427,4156
2026-07-29T01:30:00+00:00,186.427,186.44099999999997,186.375,186.39,6162
2026-07-29T01:45:00+00:00,186.39,186.427,186.38199999999998,186.42299999999997,3873
2026-07-29T02:00:00+00:00,186.42299999999997,186.45899999999997,186.396,186.444,3823
2026-07-29T02:15:00+00:00,186.444,186.474,186.426,186.44699999999997,3679
2026-07-29T02:30:00+00:00,186.44699999999997,186.463,186.41,186.446,3582
2026-07-29T02:45:00+00:00,186.446,186.48999999999998,186.43699999999998,186.47299999999998,3489
2026-07-29T03:00:00+00:00,186.47299999999998,186.48499999999999,186.457,186.45999999999998,2976
2026-07-29T03:15:00+00:00,186.45999999999998,186.50699999999998,186.457,186.48899999999998,3200
2026-07-29T03:30:00+00:00,186.48899999999998,186.50799999999998,186.444,186.44699999999997,2817
2026-07-29T03:45:00+00:00,186.44699999999997,186.44799999999998,186.38899999999998,186.404,4364
2026-07-29T04:00:00+00:00,186.404,186.41799999999998,186.355,186.36499999999998,3952
2026-07-29T04:15:00+00:00,186.36499999999998,186.38799999999998,186.302,186.31199999999998,4355
2026-07-29T04:30:00+00:00,186.31199999999998,186.32,186.125,186.125,6333
2026-07-29T04:45:00+00:00,186.125,186.33599999999998,186.10199999999998,186.244,8162
2026-07-29T05:00:00+00:00,186.244,186.284,186.238,186.25799999999998,3570
2026-07-29T05:15:00+00:00,186.25799999999998,186.26299999999998,186.159,186.177,3289
2026-07-29T05:30:00+00:00,186.177,186.26,186.172,186.214,4646
2026-07-29T05:45:00+00:00,186.214,186.28,186.207,186.274,4362
2026-07-29T06:00:00+00:00,186.274,186.332,186.25099999999998,186.279,5594
2026-07-29T06:15:00+00:00,186.279,186.29999999999998,186.20499999999998,186.265,3994
2026-07-29T06:30:00+00:00,186.265,186.297,186.183,186.21699999999998,4705
2026-07-29T06:45:00+00:00,186.21699999999998,186.244,186.178,186.213,5548
2026-07-29T07:00:00+00:00,186.213,186.28699999999998,186.195,186.255,5250
2026-07-29T07:15:00+00:00,186.255,186.35799999999998,186.24699999999999,186.35799999999998,4900
2026-07-29T07:30:00+00:00,186.35799999999998,186.409,186.34599999999998,186.385,4361
2026-07-29T07:45:00+00:00,186.385,186.49699999999999,186.36999999999998,186.47899999999998,5294
2026-07-29T08:00:00+00:00,186.47899999999998,186.49499999999998,186.41199999999998,186.41299999999998,4931
2026-07-29T08:15:00+00:00,186.41299999999998,186.43699999999998,186.355,186.369,4496
2026-07-29T08:30:00+00:00,186.369,186.38899999999998,186.333,186.38199999999998,4050
2026-07-29T08:45:00+00:00,186.38199999999998,186.39999999999998,186.34599999999998,186.35,3794
2026-07-29T09:00:00+00:00,186.35,186.363,186.289,186.292,4072
2026-07-29T09:15:00+00:00,186.292,186.295,186.259,186.272,3318
2026-07-29T09:30:00+00:00,186.272,186.301,186.22799999999998,186.296,3681
2026-07-29T09:45:00+00:00,186.296,186.35199999999998,186.28199999999998,186.31199999999998,4360
2026-07-29T10:00:00+00:00,186.31199999999998,186.34399999999997,186.29699999999997,186.33299999999997,5281
2026-07-29T10:15:00+00:00,186.33299999999997,186.34799999999998,186.25599999999997,186.33399999999997,3769
2026-07-29T10:30:00+00:00,186.33399999999997,186.36799999999997,186.31799999999998,186.32699999999997,3621
2026-07-29T10:45:00+00:00,186.32699999999997,186.33199999999997,186.24399999999997,186.26099999999997,3184
2026-07-29T11:00:00+00:00,186.26099999999997,186.32799999999997,186.25599999999997,186.31299999999996,3756
2026-07-29T11:15:00+00:00,186.31299999999996,186.32499999999996,186.26899999999998,186.26899999999998,3271
2026-07-29T11:30:00+00:00,186.26899999999998,186.301,186.21799999999996,186.22099999999998,3400
2026-07-29T11:45:00+00:00,186.22099999999998,186.25399999999996,186.18399999999997,186.19499999999996,4260
2026-07-29T12:00:00+00:00,186.19499999999996,186.21799999999996,186.17199999999997,186.19699999999997,5005
2026-07-29T12:15:00+00:00,186.19699999999997,186.26999999999998,186.18299999999996,186.23199999999997,6536
2026-07-29T12:30:00+00:00,186.23199999999997,186.32299999999998,186.21699999999998,186.28399999999996,4981
2026-07-29T12:45:00+00:00,186.28399999999996,186.34099999999998,186.27899999999997,186.30599999999998,4256
2026-07-29T13:00:00+00:00,186.30599999999998,186.32799999999997,186.265,186.30399999999997,4463
2026-07-29T13:15:00+00:00,186.30399999999997,186.37399999999997,186.29599999999996,186.36499999999998,4501
2026-07-29T13:30:00+00:00,186.36499999999998,186.39199999999997,186.35199999999998,186.384,4969
2026-07-29T13:45:00+00:00,186.384,186.47799999999998,186.37899999999996,186.47099999999998,5387
2026-07-29T14:00:00+00:00,186.47099999999998,186.49699999999999,186.42899999999997,186.44699999999997,5526
2026-07-29T14:15:00+00:00,186.44699999999997,186.52199999999996,186.42899999999997,186.51999999999998,5344
2026-07-29T14:30:00+00:00,186.51999999999998,186.59799999999998,186.51399999999998,186.56699999999998,5168
2026-07-29T14:45:00+00:00,186.56699999999998,186.58799999999997,186.43699999999998,186.44899999999998,8523
2026-07-29T15:00:00+00:00,186.44899999999998,186.47199999999998,186.42099999999996,186.45999999999998,6400
2026-07-29T15:15:00+00:00,186.45999999999998,186.47099999999998,186.37899999999996,186.38599999999997,4445
2026-07-29T15:30:00+00:00,186.38599999999997,186.426,186.36899999999997,186.42399999999998,4980
2026-07-29T15:45:00+00:00,186.42399999999998,186.46499999999997,186.41199999999998,186.44699999999997,3396
2026-07-29T16:00:00+00:00,186.44699999999997,186.46499999999997,186.40299999999996,186.40999999999997,4093
2026-07-29T16:15:00+00:00,186.40999999999997,186.46599999999998,186.39399999999998,186.46499999999997,4474
2026-07-29T16:30:00+00:00,186.46499999999997,186.46699999999998,186.42199999999997,186.46199999999996,3005
2026-07-29T16:45:00+00:00,186.46199999999996,186.52599999999998,186.45399999999998,186.52499999999998,2682
2026-07-29T17:00:00+00:00,186.52499999999998,186.58099999999996,186.51599999999996,186.54599999999996,3319
2026-07-29T17:15:00+00:00,186.54599999999996,186.58399999999997,186.53999999999996,186.56899999999996,3555
2026-07-29T17:30:00+00:00,186.56899999999996,186.62999999999997,186.55899999999997,186.61199999999997,4419
2026-07-29T17:45:00+00:00,186.61199999999997,186.63699999999997,186.52799999999996,186.52799999999996,4023
2026-07-29T18:00:00+00:00,186.52799999999996,186.81199999999998,186.47099999999998,186.77799999999996,12440
2026-07-29T18:15:00+00:00,186.77799999999996,186.80799999999996,186.68299999999996,186.73799999999997,7683
2026-07-29T18:30:00+00:00,186.73799999999997,186.84799999999998,186.58599999999998,186.83399999999997,11703
2026-07-29T18:45:00+00:00,186.83399999999997,186.98899999999998,186.80899999999997,186.95399999999998,13661
2026-07-29T19:00:00+00:00,186.95399999999998,187.003,186.90099999999998,187.00199999999998,14627
2026-07-29T19:15:00+00:00,187.00199999999998,187.13099999999997,186.99699999999999,187.05599999999998,13224
2026-07-29T19:30:00+00:00,187.05599999999998,187.17799999999997,187.015,187.16299999999998,11448
2026-07-29T19:45:00+00:00,187.16299999999998,187.18899999999996,187.11099999999996,187.11499999999998,8330
2026-07-29T20:00:00+00:00,187.11499999999998,187.21099999999998,187.11199999999997,187.19799999999998,4515
2026-07-29T20:15:00+00:00,187.19799999999998,187.289,187.17099999999996,187.28699999999998,3203
2026-07-29T20:30:00+00:00,187.28699999999998,187.37599999999998,187.27999999999997,187.36699999999996,4885
2026-07-29T20:45:00+00:00,187.36699999999996,187.40099999999998,187.25499999999997,187.259,8912
2026-07-29T21:00:00+00:00,187.259,187.259,187.10899999999998,187.11499999999998,1342
2026-07-29T21:15:00+00:00,187.11499999999998,187.24399999999997,187.11499999999998,187.22699999999998,945
2026-07-29T21:30:00+00:00,187.22699999999998,187.27199999999996,187.22099999999998,187.24399999999997,1060
2026-07-29T21:45:00+00:00,187.24399999999997,187.25999999999996,187.18399999999997,187.20099999999996,1144
2026-07-29T22:00:00+00:00,187.20099999999996,187.33799999999997,187.20099999999996,187.33099999999996,2194
2026-07-29T22:15:00+00:00,187.33099999999996,187.36399999999998,187.31899999999996,187.35899999999998,1027
2026-07-29T22:30:00+00:00,187.35899999999998,187.36199999999997,187.34499999999997,187.35099999999997,744
2026-07-29T22:45:00+00:00,187.35099999999997,187.35999999999999,187.34599999999998,187.35799999999998,788
2026-07-29T23:00:00+00:00,187.35799999999998,187.35899999999998,187.30199999999996,187.30399999999997,2492
2026-07-29T23:15:00+00:00,187.30399999999997,187.32399999999998,187.265,187.265,1471
2026-07-29T23:30:00+00:00,187.265,187.27499999999998,187.23499999999999,187.24399999999997,1496
2026-07-29T23:45:00+00:00,187.24399999999997,187.24899999999997,187.18099999999998,187.18999999999997,3196
2026-07-30T00:00:00+00:00,187.18999999999997,187.19199999999998,187.08299999999997,187.134,5666
2026-07-30T00:15:00+00:00,187.134,187.24499999999998,187.12599999999998,187.23899999999998,6491
2026-07-30T00:30:00+00:00,187.23899999999998,187.25099999999998,187.18699999999998,187.19699999999997,5056
2026-07-30T00:45:00+00:00,187.19699999999997,187.25799999999998,187.14999999999998,187.25599999999997,6135
2026-07-30T01:00:00+00:00,187.25599999999997,187.259,187.18799999999996,187.20799999999997,4402
2026-07-30T01:15:00+00:00,187.20799999999997,187.24499999999998,187.19199999999998,187.20799999999997,4515
2026-07-30T01:30:00+00:00,187.20799999999997,187.21399999999997,187.17299999999997,187.20499999999998,3673
2026-07-30T01:45:00+00:00,187.20499999999998,187.23899999999998,187.17799999999997,187.18999999999997,3195
2026-07-30T02:00:00+00:00,187.18999999999997,187.19599999999997,187.14099999999996,187.146,3067
2026-07-30T02:15:00+00:00,187.146,187.18399999999997,187.14299999999997,187.164,2298
2026-07-30T02:30:00+00:00,187.164,187.18499999999997,187.14899999999997,187.17199999999997,2672
2026-07-30T02:45:00+00:00,187.17199999999997,187.18499999999997,187.15299999999996,187.16599999999997,2543
2026-07-30T03:00:00+00:00,187.16599999999997,187.21299999999997,187.16599999999997,187.19799999999998,2995
2026-07-30T03:15:00+00:00,187.19799999999998,187.20799999999997,187.13299999999998,187.15599999999998,3901
2026-07-30T03:30:00+00:00,187.15599999999998,187.20299999999997,187.15099999999998,187.18099999999995,2855
2026-07-30T03:45:00+00:00,187.18099999999995,187.18099999999995,187.12999999999997,187.13199999999998,2401
2026-07-30T04:00:00+00:00,187.13199999999998,187.17699999999996,187.12099999999998,187.16599999999997,2521
2026-07-30T04:15:00+00:00,187.16599999999997,187.17699999999996,187.14299999999997,187.15999999999997,2570
2026-07-30T04:30:00+00:00,187.15999999999997,187.16599999999997,187.14299999999997,187.15699999999998,2417
2026-07-30T04:45:00+00:00,187.15699999999998,187.17299999999997,187.13799999999998,187.14199999999997,2743
2026-07-30T05:00:00+00:00,187.14199999999997,187.20099999999996,187.14,187.17199999999997,2739
2026-07-30T05:15:00+00:00,187.17199999999997,187.22899999999998,187.16699999999997,187.21499999999997,2640
2026-07-30T05:30:00+00:00,187.21499999999997,187.23599999999996,187.17,187.18499999999997,3201
2026-07-30T05:45:00+00:00,187.18499999999997,187.20999999999998,187.164,187.17699999999996,3645
2026-07-30T06:00:00+00:00,187.17699999999996,187.21299999999997,187.14999999999998,187.16499999999996,4540
2026-07-30T06:15:00+00:00,187.16499999999996,187.21199999999996,187.13899999999998,187.16699999999997,3969
2026-07-30T06:30:00+00:00,187.16699999999997,187.20299999999997,187.14199999999997,187.16299999999998,4056
2026-07-30T06:45:00+00:00,187.16299999999998,187.28199999999998,187.16199999999998,187.24599999999998,4220
2026-07-30T07:00:00+00:00,187.24599999999998,187.28099999999998,187.13199999999998,187.134,6223
2026-07-30T07:15:00+00:00,187.134,187.176,187.07999999999998,187.09499999999997,5275
2026-07-30T07:30:00+00:00,187.09499999999997,187.17299999999997,187.09399999999997,187.152,4875
2026-07-30T07:45:00+00:00,187.152,187.20699999999997,187.14999999999998,187.19299999999998,4044
2026-07-30T08:00:00+00:00,187.19299999999998,187.25099999999998,187.18399999999997,187.23199999999997,4872
2026-07-30T08:15:00+00:00,187.23199999999997,187.34899999999996,187.23099999999997,187.33799999999997,4593
2026-07-30T08:30:00+00:00,187.33799999999997,187.35199999999998,187.24299999999997,187.30599999999998,4435
2026-07-30T08:45:00+00:00,187.30599999999998,187.34299999999996,187.27099999999996,187.28899999999996,4862
2026-07-30T09:00:00+00:00,187.28899999999996,187.31799999999996,187.25499999999997,187.30399999999997,6049
2026-07-30T09:15:00+00:00,187.30399999999997,187.34499999999997,187.26099999999997,187.29599999999996,5588
2026-07-30T09:30:00+00:00,187.29599999999996,187.31299999999996,187.22699999999998,187.24099999999996,4721
2026-07-30T09:45:00+00:00,187.24099999999996,187.24499999999998,187.13799999999998,187.16499999999996,6416
2026-07-30T10:00:00+00:00,187.16499999999996,187.16799999999998,186.86599999999996,186.91499999999996,9582
2026-07-30T10:15:00+00:00,186.91499999999996,186.92599999999996,186.24399999999997,186.78599999999997,18161
2026-07-30T10:30:00+00:00,186.78599999999997,186.80499999999998,186.69099999999997,186.76599999999996,9557
2026-07-30T10:45:00+00:00,186.76599999999996,186.85799999999998,186.72499999999997,186.74499999999998,8321
2026-07-30T11:00:00+00:00,186.74499999999998,186.80299999999997,186.68299999999996,186.69799999999998,7202
2026-07-30T11:15:00+00:00,186.69799999999998,186.83599999999996,186.67699999999996,186.81499999999997,5655
2026-07-30T11:30:00+00:00,186.81499999999997,186.87799999999996,186.77499999999998,186.80299999999997,4751
2026-07-30T11:45:00+00:00,186.80299999999997,186.86899999999997,186.77199999999996,186.86499999999998,5405
2026-07-30T12:00:00+00:00,186.86499999999998,186.94899999999996,186.86399999999998,186.93199999999996,7337
2026-07-30T12:15:00+00:00,186.93199999999996,186.94499999999996,186.86299999999997,186.87099999999998,5039
2026-07-30T12:30:00+00:00,186.87099999999998,186.89599999999996,186.74699999999996,186.75499999999997,7946
2026-07-30T12:45:00+00:00,186.75499999999997,186.90799999999996,186.72899999999996,186.88899999999998,10818
2026-07-30T13:00:00+00:00,186.88899999999998,186.89299999999997,186.78799999999998,186.80199999999996,9766
2026-07-30T13:15:00+00:00,186.80199999999996,186.84799999999996,186.73799999999997,186.81099999999998,8303
2026-07-30T13:30:00+00:00,186.81099999999998,186.84499999999997,184.28399999999996,184.64499999999998,29172
2026-07-30T13:45:00+00:00,184.64499999999998,185.27599999999998,184.01699999999997,184.02699999999996,37620
2026-07-30T14:00:00+00:00,184.02699999999996,184.17199999999997,182.97299999999996,183.07799999999997,40301
2026-07-30T14:15:00+00:00,183.07799999999997,183.52399999999997,182.04799999999997,183.38799999999998,29892
2026-07-30T14:30:00+00:00,183.38799999999998,183.70599999999996,182.80899999999997,183.49599999999998,14595
2026-07-30T14:45:00+00:00,183.49599999999998,183.73299999999998,183.15599999999998,183.16199999999998,12767
2026-07-30T15:00:00+00:00,183.16199999999998,183.46799999999996,182.77499999999998,183.38299999999998,12226
2026-07-30T15:15:00+00:00,183.38299999999998,183.55999999999997,183.34499999999997,183.55499999999998,9616
2026-07-30T15:30:00+00:00,183.55499999999998,183.62899999999996,183.46299999999997,183.49399999999997,8933
2026-07-30T15:45:00+00:00,183.49399999999997,183.68999999999997,183.49299999999997,183.66899999999998,9709
2026-07-30T16:00:00+00:00,183.66899999999998,183.77299999999997,183.64599999999996,183.69199999999998,9083
2026-07-30T16:15:00+00:00,183.69199999999998,183.78299999999996,183.66799999999998,183.76599999999996,8184
2026-07-30T16:30:00+00:00,183.76599999999996,183.89599999999996,183.73899999999998,183.87499999999997,6154
2026-07-30T16:45:00+00:00,183.87499999999997,183.94599999999997,183.83899999999997,183.90099999999998,6031
2026-07-30T17:00:00+00:00,183.90099999999998,183.98799999999997,183.88699999999997,183.89099999999996,4969
2026-07-30T17:15:00+00:00,183.89099999999996,184.07399999999996,183.88099999999997,184.00299999999996,5093
2026-07-30T17:30:00+00:00,184.00299999999996,184.01199999999997,182.61299999999997,183.03899999999996,13172
2026-07-30T17:45:00+00:00,183.03899999999996,183.36799999999997,182.98999999999998,183.24999999999997,11499
2026-07-30T18:00:00+00:00,183.24999999999997,183.35099999999997,183.15199999999996,183.20099999999996,8756
2026-07-30T18:15:00+00:00,183.20099999999996,183.35499999999996,183.15999999999997,183.28599999999997,5594
2026-07-30T18:30:00+00:00,183.28599999999997,183.37099999999998,183.25899999999996,183.32199999999997,4587
2026-07-30T18:45:00+00:00,183.32199999999997,183.37799999999996,183.21899999999997,183.23099999999997,5207
2026-07-30T19:00:00+00:00,183.23099999999997,183.49799999999996,183.23099999999997,183.45899999999997,5512
2026-07-30T19:15:00+00:00,183.45899999999997,183.67499999999998,183.45799999999997,183.65999999999997,3841
2026-07-30T19:30:00+00:00,183.65999999999997,183.77299999999997,183.65099999999998,183.74099999999996,2887
2026-07-30T19:45:00+00:00,183.74099999999996,183.74799999999996,183.60599999999997,183.68399999999997,5109
2026-07-30T20:00:00+00:00,183.68399999999997,183.75299999999996,183.66099999999997,183.73199999999997,2601
2026-07-30T20:15:00+00:00,183.73199999999997,183.84099999999998,183.72699999999998,183.80699999999996,2824
2026-07-30T20:30:00+00:00,183.80699999999996,183.84299999999996,183.66599999999997,183.84199999999996,2638
2026-07-30T20:45:00+00:00,183.84199999999996,183.92799999999997,183.74999999999997,183.81799999999996,2322
2026-07-30T21:00:00+00:00,183.81799999999996,183.81799999999996,183.57999999999998,183.66299999999998,217.1235863189492
2026-07-30T21:15:00+00:00,183.66299999999998,183.68599999999998,183.66099999999997,183.68599999999998,250
2026-07-30T21:30:00+00:00,183.68599999999998,183.771,183.676,183.76899999999998,240
2026-07-30T21:45:00+00:00,183.76899999999998,183.833,183.76,183.831,327
2026-07-30T22:00:00+00:00,183.831,183.89299999999997,183.72799999999998,183.892,1768
2026-07-30T22:15:00+00:00,183.892,184.01399999999998,183.886,183.962,2753
2026-07-30T22:30:00+00:00,183.962,183.97899999999998,183.61499999999998,183.838,4752
2026-07-30T22:45:00+00:00,183.838,183.96499999999997,183.813,183.904,3412
2026-07-30T23:00:00+00:00,183.904,184.088,183.821,184.069,4791
2026-07-30T23:15:00+00:00,184.069,184.14899999999997,184.004,184.136,5003
2026-07-30T23:30:00+00:00,184.136,184.458,184.11599999999999,184.458,6236
2026-07-30T23:45:00+00:00,184.458,184.462,184.37099999999998,184.42899999999997,4555
2026-07-31T00:00:00+00:00,184.42899999999997,184.63899999999998,184.41299999999998,184.559,9711
2026-07-31T00:15:00+00:00,184.559,184.606,184.43099999999998,184.515,7067
2026-07-31T00:30:00+00:00,184.515,184.72299999999998,184.49599999999998,184.719,7644
2026-07-31T00:45:00+00:00,184.719,184.93699999999998,184.63799999999998,184.74699999999999,11295
2026-07-31T01:00:00+00:00,184.74699999999999,184.867,184.547,184.67299999999997,9377
2026-07-31T01:15:00+00:00,184.67299999999997,184.76299999999998,184.60899999999998,184.7,6135
2026-07-31T01:30:00+00:00,184.7,184.826,184.67899999999997,184.76399999999998,7031
2026-07-31T01:45:00+00:00,184.76399999999998,184.86499999999998,184.72599999999997,184.849,6952
2026-07-31T02:00:00+00:00,184.849,184.849,184.71499999999997,184.725,5632
2026-07-31T02:15:00+00:00,184.725,184.77399999999997,184.664,184.74699999999999,4642
2026-07-31T02:30:00+00:00,184.74699999999999,184.759,184.63299999999998,184.749,3252
2026-07-31T02:45:00+00:00,184.749,184.791,184.546,184.61899999999997,4966
2026-07-31T03:00:00+00:00,184.61899999999997,185.004,184.575,184.86899999999997,7020
2026-07-31T03:15:00+00:00,184.86899999999997,184.968,184.838,184.94,4270
2026-07-31T03:30:00+00:00,184.94,184.97199999999998,184.714,184.74599999999998,4597
2026-07-31T03:45:00+00:00,184.74599999999998,184.82199999999997,184.58399999999997,184.76299999999998,5223
2026-07-31T04:00:00+00:00,184.76299999999998,184.84699999999998,184.70499999999998,184.84699999999998,4064
2026-07-31T04:15:00+00:00,184.84699999999998,184.88899999999998,184.796,184.85799999999998,4726
2026-07-31T04:30:00+00:00,184.85799999999998,184.85999999999999,184.748,184.75699999999998,4306
2026-07-31T04:45:00+00:00,184.75699999999998,184.85299999999998,184.72299999999998,184.75799999999998,3415
2026-07-31T05:00:00+00:00,184.75799999999998,184.76799999999997,184.634,184.70999999999998,6107
2026-07-31T05:15:00+00:00,184.70999999999998,184.778,184.624,184.772,5434
2026-07-31T05:30:00+00:00,184.772,184.78199999999998,184.61599999999999,184.73899999999998,7694
2026-07-31T05:45:00+00:00,184.73899999999998,184.749,184.60299999999998,184.63199999999998,5353
2026-07-31T06:00:00+00:00,184.63199999999998,184.641,184.452,184.54299999999998,8407
2026-07-31T06:15:00+00:00,184.54299999999998,184.683,184.446,184.557,9876
2026-07-31T06:30:00+00:00,184.557,184.69099999999997,184.44199999999998,184.58999999999997,11049
2026-07-31T06:45:00+00:00,184.58999999999997,184.60699999999997,184.12199999999999,184.44199999999998,16541
2026-07-31T07:00:00+00:00,184.44199999999998,184.599,184.422,184.51899999999998,9588
2026-07-31T07:15:00+00:00,184.51899999999998,184.65599999999998,184.408,184.63299999999998,8542
2026-07-31T07:30:00+00:00,184.63299999999998,184.86399999999998,184.63199999999998,184.79799999999997,8172
2026-07-31T07:45:00+00:00,184.79799999999997,184.83599999999998,184.30399999999997,184.30399999999997,13810
2026-07-31T08:00:00+00:00,184.30399999999997,184.563,184.302,184.409,9605
2026-07-31T08:15:00+00:00,184.409,184.422,184.194,184.28199999999998,10900
2026-07-31T08:30:00+00:00,184.28199999999998,184.29899999999998,183.91199999999998,183.99999999999997,11078
2026-07-31T08:45:00+00:00,183.99999999999997,184.23499999999999,182.552,182.94899999999998,18310
2026-07-31T09:00:00+00:00,182.94899999999998,183.67499999999998,182.59799999999998,183.57999999999998,33947
2026-07-31T09:15:00+00:00,183.57999999999998,183.82999999999998,183.499,183.82399999999998,12806
2026-07-31T09:30:00+00:00,183.82399999999998,183.88299999999998,183.38799999999998,183.75799999999998,8529
2026-07-31T09:45:00+00:00,183.75799999999998,184.011,183.73799999999997,183.92299999999997,6998
2026-07-31T10:00:00+00:00,183.92299999999997,183.956,183.78599999999997,183.90599999999998,5897
2026-07-31T10:15:00+00:00,183.90599999999998,184.053,183.814,183.82799999999997,7354
2026-07-31T10:30:00+00:00,183.82799999999997,183.90699999999998,183.765,183.85999999999999,6305
2026-07-31T10:45:00+00:00,183.85999999999999,183.90599999999998,183.838,183.86299999999997,5486
2026-07-31T11:00:00+00:00,183.86299999999997,183.92399999999998,183.84099999999998,183.84799999999998,5619
2026-07-31T11:15:00+00:00,183.84799999999998,183.90499999999997,183.78199999999998,183.892,6772
2026-07-31T11:30:00+00:00,183.892,183.98399999999998,183.849,183.88199999999998,5982
2026-07-31T11:45:00+00:00,183.88199999999998,183.939,183.79999999999998,183.84499999999997,6131
2026-07-31T12:00:00+00:00,183.84499999999997,183.927,183.79,183.916,5671
2026-07-31T12:15:00+00:00,183.916,184.06699999999998,183.86999999999998,183.98799999999997,6737
2026-07-31T12:30:00+00:00,183.98799999999997,184.112,183.946,184.10699999999997,4182
2026-07-31T12:45:00+00:00,184.10699999999997,184.12699999999998,184.04,184.08399999999997,6230
2026-07-31T13:00:00+00:00,184.08399999999997,184.154,184.04199999999997,184.13799999999998,6708
2026-07-31T13:15:00+00:00,184.13799999999998,184.20999999999998,183.24399999999997,183.302,22889
2026-07-31T13:30:00+00:00,183.302,183.35199999999998,182.38899999999998,182.90099999999998,26334
2026-07-31T13:45:00+00:00,182.90099999999998,183.136,182.66799999999998,182.725,17289
2026-07-31T14:00:00+00:00,182.725,182.731,182.033,182.70299999999997,21659
2026-07-31T14:15:00+00:00,182.70299999999997,182.843,182.546,182.64,15987
2026-07-31T14:30:00+00:00,182.64,183.059,182.63799999999998,182.98299999999998,12679
2026-07-31T14:45:00+00:00,182.98299999999998,183.23,182.898,183.04,17095
2026-07-31T15:00:00+00:00,183.04,183.04799999999997,182.589,182.92999999999998,17657
2026-07-31T15:15:00+00:00,182.92999999999998,183.16099999999997,182.74599999999998,183.15699999999998,11466
2026-07-31T15:30:00+00:00,183.15699999999998,183.224,183.039,183.106,9011
2026-07-31T15:45:00+00:00,183.106,183.207,183.053,183.17399999999998,6820
2026-07-31T16:00:00+00:00,183.17399999999998,183.23799999999997,183.08999999999997,183.20299999999997,5878
2026-07-31T16:15:00+00:00,183.20299999999997,183.243,183.13699999999997,183.16899999999998,5011
2026-07-31T16:30:00+00:00,183.16899999999998,183.23799999999997,183.13099999999997,183.23299999999998,3718
2026-07-31T16:45:00+00:00,183.23299999999998,183.391,183.22299999999998,183.38699999999997,3892
2026-07-31T17:00:00+00:00,183.38699999999997,183.565,183.331,183.547,4080
2026-07-31T17:15:00+00:00,183.547,183.61899999999997,182.79299999999998,182.802,10034
2026-07-31T17:30:00+00:00,182.802,182.85899999999998,182.285,182.32799999999997,17506
2026-07-31T17:45:00+00:00,182.32799999999997,183.082,182.289,182.658,18909
2026-07-31T18:00:00+00:00,182.658,182.986,182.46499999999997,182.83399999999997,11356
2026-07-31T18:15:00+00:00,182.83399999999997,182.97899999999998,182.71699999999998,182.93699999999998,10266
2026-07-31T18:30:00+00:00,182.93699999999998,183.023,182.89299999999997,183.01399999999998,5995
2026-07-31T18:45:00+00:00,183.01399999999998,183.236,183.01399999999998,183.059,13056
2026-07-31T19:00:00+00:00,183.059,183.218,183.059,183.19799999999998,4942
2026-07-31T19:15:00+00:00,183.19799999999998,183.296,183.195,183.22799999999998,3163
2026-07-31T19:30:00+00:00,183.22799999999998,183.404,183.224,183.31699999999998,6927
2026-07-31T19:45:00+00:00,183.31699999999998,183.398,183.22299999999998,183.39499999999998,11725
2026-07-31T20:00:00+00:00,183.39499999999998,183.404,182.535,182.69699999999997,7347
2026-07-31T20:15:00+00:00,182.69699999999997,182.766,182.11299999999997,182.14399999999998,18591
2026-07-31T20:30:00+00:00,182.14399999999998,182.309,181.743,181.748,15852
2026-07-31T20:45:00+00:00,181.748,182.015,181.195,181.305,15606
2026-08-02T21:00:00+00:00,181.305,181.642,181.305,181.636,720
2026-08-02T21:15:00+00:00,181.636,181.81,181.582,181.683,841
2026-08-02T21:30:00+00:00,181.683,181.74099999999999,181.593,181.714,1097
2026-08-02T21:45:00+00:00,181.714,181.79399999999998,181.679,181.752,1195
2026-08-02T22:00:00+00:00,181.752,181.77599999999998,181.254,181.349,9425
2026-08-02T22:15:00+00:00,181.349,181.757,181.337,181.53,6275
2026-08-02T22:30:00+00:00,181.53,181.668,181.43699999999998,181.502,4813
2026-08-02T22:45:00+00:00,181.502,181.57,181.361,181.54999999999998,3686
2026-08-02T23:00:00+00:00,181.54999999999998,181.855,181.279,181.78199999999998,6791
2026-08-02T23:15:00+00:00,181.78199999999998,182.107,181.768,181.96099999999998,5795
2026-08-02T23:30:00+00:00,181.96099999999998,182.119,181.847,182.095,5224
2026-08-02T23:45:00+00:00,182.095,182.124,181.784,181.801,5426
2026-08-03T00:00:00+00:00,181.801,181.99099999999999,181.725,181.97299999999998,9043
2026-08-03T00:15:00+00:00,181.97299999999998,182.04199999999997,180.63799999999998,180.78199999999998,16659
2026-08-03T00:30:00+00:00,180.78199999999998,180.82099999999997,179.39199999999997,179.46099999999998,31943
2026-08-03T00:45:00+00:00,179.46099999999998,180.15399999999997,179.248,180.08999999999997,30294
2026-08-03T01:00:00+00:00,180.08999999999997,180.367,179.313,179.998,29290
2026-08-03T01:15:00+00:00,179.998,180.19599999999997,179.878,180.06599999999997,14187
2026-08-03T01:30:00+00:00,180.06599999999997,180.29899999999998,179.99999999999997,180.207,10224
2026-08-03T01:45:00+00:00,180.207,180.22599999999997,180.057,180.206,6740
2026-08-03T02:00:00+00:00,180.206,180.50199999999998,180.20499999999998,180.36399999999998,6050
2026-08-03T02:15:00+00:00,180.36399999999998,180.41199999999998,180.23999999999998,180.33999999999997,6001
2026-08-03T02:30:00+00:00,180.33999999999997,180.38,180.08399999999997,180.26899999999998,8355
2026-08-03T02:45:00+00:00,180.26899999999998,180.36899999999997,180.25799999999998,180.32799999999997,3913
2026-08-03T03:00:00+00:00,180.32799999999997,180.45299999999997,180.325,180.356,4351
2026-08-03T03:15:00+00:00,180.356,180.39999999999998,180.26,180.35799999999998,5824
2026-08-03T03:30:00+00:00,180.35799999999998,180.40699999999998,180.099,180.325,5197
2026-08-03T03:45:00+00:00,180.325,180.39799999999997,180.302,180.356,3111
2026-08-03T04:00:00+00:00,180.356,180.37599999999998,180.22899999999998,180.29399999999998,4694
2026-08-03T04:15:00+00:00,180.29399999999998,180.421,180.27999999999997,180.384,4028
2026-08-03T04:30:00+00:00,180.384,180.41899999999998,180.26199999999997,180.29199999999997,4449
2026-08-03T04:45:00+00:00,180.29199999999997,180.43599999999998,180.25799999999998,180.35299999999998,4405
2026-08-03T05:00:00+00:00,180.35299999999998,180.37599999999998,180.25599999999997,180.32799999999997,4408
2026-08-03T05:15:00+00:00,180.32799999999997,180.40499999999997,180.27399999999997,180.349,3869
2026-08-03T05:30:00+00:00,180.349,180.37499999999997,180.283,180.332,3936
2026-08-03T05:45:00+00:00,180.332,180.374,180.308,180.32399999999998,3478
2026-08-03T06:00:00+00:00,180.32399999999998,180.39499999999998,180.253,180.29,5900
2026-08-03T06:15:00+00:00,180.29,180.59799999999998,180.277,180.54799999999997,4368
2026-08-03T06:30:00+00:00,180.54799999999997,180.61599999999999,180.44799999999998,180.545,5471
2026-08-03T06:45:00+00:00,180.545,180.694,180.545,180.60299999999998,4764
2026-08-03T07:00:00+00:00,180.60299999999998,180.635,180.408,180.426,6539
2026-08-03T07:15:00+00:00,180.426,180.551,180.361,180.43399999999997,9341
2026-08-03T07:30:00+00:00,180.43399999999997,180.563,180.33899999999997,180.55999999999997,5828
2026-08-03T07:45:00+00:00,180.55999999999997,180.60299999999998,180.50599999999997,180.58899999999997,6726
2026-08-03T08:00:00+00:00,180.58899999999997,180.60999999999999,180.45199999999997,180.57,7404
2026-08-03T08:15:00+00:00,180.57,180.618,180.47299999999998,180.582,7427
2026-08-03T08:30:00+00:00,180.582,180.73999999999998,180.361,180.73899999999998,9480
2026-08-03T08:45:00+00:00,180.73899999999998,180.78599999999997,180.64999999999998,180.77599999999998,8426
2026-08-03T09:00:00+00:00,180.77599999999998,180.85999999999999,180.69799999999998,180.778,6222
2026-08-03T09:15:00+00:00,180.778,180.807,180.659,180.80499999999998,6926
2026-08-03T09:30:00+00:00,180.80499999999998,181.04,180.78599999999997,180.981,6793
2026-08-03T09:45:00+00:00,180.981,181.011,180.755,180.89,9743
2026-08-03T10:00:00+00:00,180.89,180.89799999999997,180.71099999999998,180.74999999999997,6978
2026-08-03T10:15:00+00:00,180.74999999999997,180.77499999999998,180.66599999999997,180.72299999999998,9900
2026-08-03T10:30:00+00:00,180.72299999999998,180.73399999999998,180.65099999999998,180.71999999999997,6859
2026-08-03T10:45:00+00:00,180.71999999999997,180.77899999999997,180.42899999999997,180.58599999999998,8496
2026-08-03T11:00:00+00:00,180.58599999999998,180.69799999999998,180.55899999999997,180.588,6337
2026-08-03T11:15:00+00:00,180.588,180.74099999999999,180.56799999999998,180.73999999999998,5475
2026-08-03T11:30:00+00:00,180.73999999999998,180.81699999999998,180.72599999999997,180.77599999999998,5381
2026-08-03T11:45:00+00:00,180.77599999999998,180.80599999999998,180.41799999999998,180.563,10298
2026-08-03T12:00:00+00:00,180.563,180.658,180.46999999999997,180.48899999999998,9102
2026-08-03T12:15:00+00:00,180.48899999999998,180.59099999999998,180.48299999999998,180.55599999999998,6840
2026-08-03T12:30:00+00:00,180.55599999999998,180.70199999999997,180.546,180.66699999999997,6937
2026-08-03T12:45:00+00:00,180.66699999999997,180.68699999999998,180.588,180.67199999999997,8608
2026-08-03T13:00:00+00:00,180.67199999999997,180.743,180.629,180.653,10670
2026-08-03T13:15:00+00:00,180.653,180.65399999999997,180.22099999999998,180.32699999999997,14849
2026-08-03T13:30:00+00:00,180.32699999999997,180.39399999999998,180.07399999999998,180.12699999999998,12691
2026-08-03T13:45:00+00:00,180.12699999999998,180.29399999999998,180.08499999999998,180.243,12078
2026-08-03T14:00:00+00:00,180.243,180.31099999999998,180.13899999999998,180.25199999999998,12096
2026-08-03T14:15:00+00:00,180.25199999999998,180.25199999999998,179.92299999999997,180.13799999999998,12907
2026-08-03T14:30:00+00:00,180.13799999999998,180.272,180.06699999999998,180.26,10583
2026-08-03T14:45:00+00:00,180.26,180.33899999999997,180.076,180.152,10583
2026-08-03T15:00:00+00:00,180.152,180.278,180.118,180.21499999999997,7778
2026-08-03T15:15:00+00:00,180.21499999999997,180.35299999999998,180.19599999999997,180.24999999999997,5769
2026-08-03T15:30:00+00:00,180.24999999999997,180.38,180.171,180.37099999999998,6424
2026-08-03T15:45:00+00:00,180.37099999999998,180.57399999999998,180.36499999999998,180.55399999999997,7885
2026-08-03T16:00:00+00:00,180.55399999999997,180.557,180.396,180.396,5884
2026-08-03T16:15:00+00:00,180.396,180.42999999999998,180.1,180.38,5725
2026-08-03T16:30:00+00:00,180.38,180.499,180.36599999999999,180.41699999999997,3971
2026-08-03T16:45:00+00:00,180.41699999999997,180.44899999999998,180.39299999999997,180.41799999999998,3815
2026-08-03T17:00:00+00:00,180.41799999999998,180.47199999999998,180.384,180.439,3616
2026-08-03T17:15:00+00:00,180.439,180.47599999999997,180.42999999999998,180.462,2942
2026-08-03T17:30:00+00:00,180.462,180.50699999999998,180.39799999999997,180.45299999999997,3140
2026-08-03T17:45:00+00:00,180.45299999999997,180.50699999999998,180.43999999999997,180.49699999999999,4379
2026-08-03T18:00:00+00:00,180.49699999999999,180.56199999999998,180.45499999999998,180.474,5767
2026-08-03T18:15:00+00:00,180.474,180.49399999999997,180.40699999999998,180.47299999999998,5778
2026-08-03T18:30:00+00:00,180.47299999999998,180.48299999999998,180.40399999999997,180.44299999999998,6897
2026-08-03T18:45:00+00:00,180.44299999999998,180.50599999999997,180.296,180.386,8679
2026-08-03T19:00:00+00:00,180.386,180.48499999999999,180.37699999999998,180.47099999999998,4778
2026-08-03T19:15:00+00:00,180.47099999999998,180.49099999999999,180.45499999999998,180.46399999999997,2710
2026-08-03T19:30:00+00:00,180.46399999999997,180.51799999999997,180.46399999999997,180.509,3535
2026-08-03T19:45:00+00:00,180.509,180.56599999999997,180.50099999999998,180.54699999999997,4095
2026-08-03T20:00:00+00:00,180.54699999999997,180.63099999999997,180.54399999999998,180.61399999999998,2458
2026-08-03T20:15:00+00:00,180.61399999999998,180.79999999999998,180.47699999999998,180.755,3415
2026-08-03T20:30:00+00:00,180.755,180.77899999999997,180.66599999999997,180.75099999999998,2826
2026-08-03T20:45:00+00:00,180.75099999999998,180.82099999999997,180.72099999999998,180.72099999999998,3915
2026-08-03T21:00:00+00:00,180.72099999999998,180.802,180.713,180.75199999999998,277
2026-08-03T21:15:00+00:00,180.75199999999998,180.79799999999997,180.74599999999998,180.78599999999997,362
2026-08-03T21:30:00+00:00,180.78599999999997,180.813,180.77999999999997,180.78499999999997,656
2026-08-03T21:45:00+00:00,180.78499999999997,180.831,180.77399999999997,180.831,932
2026-08-03T22:00:00+00:00,180.831,181.05399999999997,180.802,181.028,1384
2026-08-03T22:15:00+00:00,181.028,181.03499999999997,180.993,181.00099999999998,1040
2026-08-03T22:30:00+00:00,181.00099999999998,181.01899999999998,180.90999999999997,180.999,1828
2026-08-03T22:45:00+00:00,180.999,181.01799999999997,180.98,180.99099999999999,1276
2026-08-03T23:00:00+00:00,180.99099999999999,181.00199999999998,180.92899999999997,180.99099999999999,1945
2026-08-03T23:15:00+00:00,180.99099999999999,181.01999999999998,180.90599999999998,181.016,1433
2026-08-03T23:30:00+00:00,181.016,181.195,181.01199999999997,181.17,3387
2026-08-03T23:45:00+00:00,181.17,181.31199999999998,181.16199999999998,181.16599999999997,3484
2026-08-04T00:00:00+00:00,181.16599999999997,181.18599999999998,181.01999999999998,181.08299999999997,6386
2026-08-04T00:15:00+00:00,181.08299999999997,181.10799999999998,180.884,181.00699999999998,5767
2026-08-04T00:30:00+00:00,181.00699999999998,181.14199999999997,181.00099999999998,181.10699999999997,6710
2026-08-04T00:45:00+00:00,181.10699999999997,181.19899999999998,181.03599999999997,181.099,9340
2026-08-04T01:00:00+00:00,181.099,181.195,181.099,181.18399999999997,7364
2026-08-04T01:15:00+00:00,181.18399999999997,181.20399999999998,181.112,181.20299999999997,5435
2026-08-04T01:30:00+00:00,181.20299999999997,181.20299999999997,181.09499999999997,181.16299999999998,5829
2026-08-04T01:45:00+00:00,181.16299999999998,181.34099999999998,181.14999999999998,181.33599999999998,5410
2026-08-04T02:00:00+00:00,181.33599999999998,181.43699999999998,181.32299999999998,181.379,5388
2026-08-04T02:15:00+00:00,181.379,181.42499999999998,181.337,181.38699999999997,5116
2026-08-04T02:30:00+00:00,181.38699999999997,181.41299999999998,181.34699999999998,181.35799999999998,5097
2026-08-04T02:45:00+00:00,181.35799999999998,181.445,181.343,181.39199999999997,4986
2026-08-04T03:00:00+00:00,181.39199999999997,181.39999999999998,181.331,181.36599999999999,4452
2026-08-04T03:15:00+00:00,181.36599999999999,181.368,181.27899999999997,181.319,5516
2026-08-04T03:30:00+00:00,181.319,181.35799999999998,181.14799999999997,181.26799999999997,6366
2026-08-04T03:45:00+00:00,181.26799999999997,181.326,181.259,181.31499999999997,2386
2026-08-04T04:00:00+00:00,181.31499999999997,181.32099999999997,181.25599999999997,181.28099999999998,2174
2026-08-04T04:15:00+00:00,181.28099999999998,181.32699999999997,181.26799999999997,181.27899999999997,1830
2026-08-04T04:30:00+00:00,181.27899999999997,181.28799999999998,181.13899999999998,181.176,2186
2026-08-04T04:45:00+00:00,181.176,181.24499999999998,181.14999999999998,181.22599999999997,3543
2026-08-04T05:00:00+00:00,181.22599999999997,181.23899999999998,181.15999999999997,181.22799999999998,3671
2026-08-04T05:15:00+00:00,181.22799999999998,181.27899999999997,181.21099999999998,181.24999999999997,4324
2026-08-04T05:30:00+00:00,181.24999999999997,181.35199999999998,181.23999999999998,181.33599999999998,3642
2026-08-04T05:45:00+00:00,181.33599999999998,181.36999999999998,181.319,181.36999999999998,4820
2026-08-04T06:00:00+00:00,181.36999999999998,181.39199999999997,181.27399999999997,181.32999999999998,5495
2026-08-04T06:15:00+00:00,181.32999999999998,181.34499999999997,181.21099999999998,181.32699999999997,6522
2026-08-04T06:30:00+00:00,181.32699999999997,181.36899999999997,181.26999999999998,181.343,4793
2026-08-04T06:45:00+00:00,181.343,181.40499999999997,181.28099999999998,181.34199999999998,5701
2026-08-04T07:00:00+00:00,181.34199999999998,181.439,181.31099999999998,181.439,6344
2026-08-04T07:15:00+00:00,181.439,181.45499999999998,181.349,181.40999999999997,4212
2026-08-04T07:30:00+00:00,181.40999999999997,181.569,181.32199999999997,181.52899999999997,5079
2026-08-04T07:45:00+00:00,181.52899999999997,181.56799999999998,181.48199999999997,181.54299999999998,4945
2026-08-04T08:00:00+00:00,181.54299999999998,181.575,181.503,181.504,5220
2026-08-04T08:15:00+00:00,181.504,181.53599999999997,181.414,181.49399999999997,5979
2026-08-04T08:30:00+00:00,181.49399999999997,181.50799999999998,181.421,181.457,5805
2026-08-04T08:45:00+00:00,181.457,181.509,181.42899999999997,181.48499999999999,4962
2026-08-04T09:00:00+00:00,181.48499999999999,181.61499999999998,181.469,181.57199999999997,5969
2026-08-04T09:15:00+00:00,181.57199999999997,181.611,181.52999999999997,181.59599999999998,5255
2026-08-04T09:30:00+00:00,181.59599999999998,181.62099999999998,181.56499999999997,181.60699999999997,4785
2026-08-04T09:45:00+00:00,181.60699999999997,181.66799999999998,181.57699999999997,181.61499999999998,4630
2026-08-04T10:00:00+00:00,181.61499999999998,181.68499999999997,181.55499999999998,181.66899999999998,5444
2026-08-04T10:15:00+00:00,181.66899999999998,181.676,181.606,181.611,5142
2026-08-04T10:30:00+00:00,181.611,181.64,181.546,181.60399999999998,6961
2026-08-04T10:45:00+00:00,181.60399999999998,181.66699999999997,181.593,181.605,7961
2026-08-04T11:00:00+00:00,181.605,181.624,181.558,181.58299999999997,5434
2026-08-04T11:15:00+00:00,181.58299999999997,181.60299999999998,181.533,181.55399999999997,6281
2026-08-04T11:30:00+00:00,181.55399999999997,181.605,181.38799999999998,181.45999999999998,11879
2026-08-04T11:45:00+00:00,181.45999999999998,181.47299999999998,181.16299999999998,181.22699999999998,13486
2026-08-04T12:00:00+00:00,181.22699999999998,181.261,181.06599999999997,181.18999999999997,9929
2026-08-04T12:15:00+00:00,181.18999999999997,181.355,181.18499999999997,181.32899999999998,7630
2026-08-04T12:30:00+00:00,181.32899999999998,181.34699999999998,181.27499999999998,181.337,7116
2026-08-04T12:45:00+00:00,181.337,181.34499999999997,181.18099999999998,181.27999999999997,6132
2026-08-04T13:00:00+00:00,181.27999999999997,181.302,181.206,181.23999999999998,6268
2026-08-04T13:15:00+00:00,181.23999999999998,181.26199999999997,181.13899999999998,181.16599999999997,10590
2026-08-04T13:30:00+00:00,181.16599999999997,181.182,181.064,181.14799999999997,11086
2026-08-04T13:45:00+00:00,181.14799999999997,181.31199999999998,181.14499999999998,181.29999999999998,8950
2026-08-04T14:00:00+00:00,181.29999999999998,181.34099999999998,181.225,181.332,7591
2026-08-04T14:15:00+00:00,181.332,181.43499999999997,181.27499999999998,181.408,8453
2026-08-04T14:30:00+00:00,181.408,181.49399999999997,181.39999999999998,181.44899999999998,9056
2026-08-04T14:45:00+00:00,181.44899999999998,181.49699999999999,181.41199999999998,181.439,8700
2026-08-04T15:00:00+00:00,181.439,181.505,181.35199999999998,181.35199999999998,6688
2026-08-04T15:15:00+00:00,181.35199999999998,181.391,181.31499999999997,181.356,6294
2026-08-04T15:30:00+00:00,181.356,181.36999999999998,181.23799999999997,181.24499999999998,8315
2026-08-04T15:45:00+00:00,181.24499999999998,181.36599999999999,181.21999999999997,181.35699999999997,6115
2026-08-04T16:00:00+00:00,181.35699999999997,181.39899999999997,181.343,181.35099999999997,5487
2026-08-04T16:15:00+00:00,181.35099999999997,181.35099999999997,181.28199999999998,181.29399999999998,4975
2026-08-04T16:30:00+00:00,181.29399999999998,181.41899999999998,181.283,181.41299999999998,4557
2026-08-04T16:45:00+00:00,181.41299999999998,181.43699999999998,181.374,181.39899999999997,4578
2026-08-04T17:00:00+00:00,181.39899999999997,181.481,181.36899999999997,181.45,4829
2026-08-04T17:15:00+00:00,181.45,181.509,181.439,181.47699999999998,5533
2026-08-04T17:30:00+00:00,181.47699999999998,181.515,181.47099999999998,181.511,3805
2026-08-04T17:45:00+00:00,181.511,181.53799999999998,181.493,181.515,3294
2026-08-04T18:00:00+00:00,181.515,181.569,181.51199999999997,181.54699999999997,4395
2026-08-04T18:15:00+00:00,181.54699999999997,181.60199999999998,181.54699999999997,181.59699999999998,5874
2026-08-04T18:30:00+00:00,181.59699999999998,181.63799999999998,181.58599999999998,181.63699999999997,4554
2026-08-04T18:45:00+00:00,181.63699999999997,181.718,181.63099999999997,181.70299999999997,5351
2026-08-04T19:00:00+00:00,181.70299999999997,181.844,181.69799999999998,181.831,7874
2026-08-04T19:15:00+00:00,181.831,181.85199999999998,181.802,181.85,5083
2026-08-04T19:30:00+00:00,181.85,181.85999999999999,181.796,181.83999999999997,3735
2026-08-04T19:45:00+00:00,181.83999999999997,181.874,181.76199999999997,181.81099999999998,5066
2026-08-04T20:00:00+00:00,181.81099999999998,181.826,181.77999999999997,181.79299999999998,3875
2026-08-04T20:15:00+00:00,181.79299999999998,181.795,181.73999999999998,181.784,2154
2026-08-04T20:30:00+00:00,181.784,181.79999999999998,181.77399999999997,181.78599999999997,1321
2026-08-04T20:45:00+00:00,181.78599999999997,181.808,181.72199999999998,181.72199999999998,4029
2026-08-04T21:00:00+00:00,181.72199999999998,181.79099999999997,181.67,181.771,251
2026-08-04T21:15:00+00:00,181.771,181.807,181.724,181.73899999999998,700
2026-08-04T21:30:00+00:00,181.73899999999998,181.79199999999997,181.73899999999998,181.79099999999997,1158
2026-08-04T21:45:00+00:00,181.79099999999997,181.83299999999997,181.73,181.75199999999998,947
2026-08-04T22:00:00+00:00,181.75199999999998,181.77999999999997,181.71599999999998,181.771,1066
2026-08-04T22:15:00+00:00,181.771,181.80999999999997,181.74999999999997,181.80499999999998,788
2026-08-04T22:30:00+00:00,181.80499999999998,181.825,181.78699999999998,181.789,671
2026-08-04T22:45:00+00:00,181.789,181.801,181.765,181.79799999999997,816
2026-08-04T23:00:00+00:00,181.79799999999997,181.85399999999998,181.77499999999998,181.85,1220
2026-08-04T23:15:00+00:00,181.85,181.85,181.80499999999998,181.831,719
2026-08-04T23:30:00+00:00,181.831,181.85099999999997,181.81799999999998,181.837,758
2026-08-04T23:45:00+00:00,181.837,181.843,181.70999999999998,181.75799999999998,1658
2026-08-05T00:00:00+00:00,181.75799999999998,181.826,181.73,181.73799999999997,5256
2026-08-05T00:15:00+00:00,181.73799999999997,181.77399999999997,181.65099999999998,181.72599999999997,7620
2026-08-05T00:30:00+00:00,181.72599999999997,181.742,181.64799999999997,181.712,4289
2026-08-05T00:45:00+00:00,181.712,181.712,181.474,181.57699999999997,10024
2026-08-05T01:00:00+00:00,181.57699999999997,181.62599999999998,181.539,181.54,8935
2026-08-05T01:15:00+00:00,181.54,181.60699999999997,181.52599999999998,181.606,8386
2026-08-05T01:30:00+00:00,181.606,181.64799999999997,181.569,181.60699999999997,3947
2026-08-05T01:45:00+00:00,181.60699999999997,181.61999999999998,181.57999999999998,181.60799999999998,5588
2026-08-05T02:00:00+00:00,181.60799999999998,181.69199999999998,181.557,181.56099999999998,7392
2026-08-05T02:15:00+00:00,181.56099999999998,181.58599999999998,181.439,181.53599999999997,8978
2026-08-05T02:30:00+00:00,181.53599999999997,181.53699999999998,181.42899999999997,181.43699999999998,8165
2026-08-05T02:45:00+00:00,181.43699999999998,181.52499999999998,181.42799999999997,181.51199999999997,7318
2026-08-05T03:00:00+00:00,181.51199999999997,181.516,181.47199999999998,181.498,8857
2026-08-05T03:15:00+00:00,181.498,181.54799999999997,181.47899999999998,181.53099999999998,7057
2026-08-05T03:30:00+00:00,181.53099999999998,181.60999999999999,181.52899999999997,181.55299999999997,6724
2026-08-05T03:45:00+00:00,181.55299999999997,181.575,181.50199999999998,181.51299999999998,6513
2026-08-05T04:00:00+00:00,181.51299999999998,181.522,181.47099999999998,181.499,3819
2026-08-05T04:15:00+00:00,181.499,181.54399999999998,181.492,181.52599999999998,5116
2026-08-05T04:30:00+00:00,181.52599999999998,181.67799999999997,181.52599999999998,181.676,4599
2026-08-05T04:45:00+00:00,181.676,181.777,181.67499999999998,181.75699999999998,6563
2026-08-05T05:00:00+00:00,181.75699999999998,181.76399999999998,181.70399999999998,181.724,5559
2026-08-05T05:15:00+00:00,181.724,181.74399999999997,181.695,181.737,8269
2026-08-05T05:30:00+00:00,181.737,181.789,181.71699999999998,181.731,7151
2026-08-05T05:45:00+00:00,181.731,181.76399999999998,181.70999999999998,181.737,4472
2026-08-05T06:00:00+00:00,181.737,181.80299999999997,181.694,181.76199999999997,4841
2026-08-05T06:15:00+00:00,181.76199999999997,181.84499999999997,181.76199999999997,181.81099999999998,6871
2026-08-05T06:30:00+00:00,181.81099999999998,181.825,181.652,181.807,7434
2026-08-05T06:45:00+00:00,181.807,181.90999999999997,181.79799999999997,181.85299999999998,5582
2026-08-05T07:00:00+00:00,181.85299999999998,181.878,181.801,181.83599999999998,6273
2026-08-05T07:15:00+00:00,181.83599999999998,181.873,181.701,181.76,6647
2026-08-05T07:30:00+00:00,181.76,181.85199999999998,181.753,181.832,5661
2026-08-05T07:45:00+00:00,181.832,181.879,181.81099999999998,181.85999999999999,6725
2026-08-05T08:00:00+00:00,181.85999999999999,181.94699999999997,181.83999999999997,181.926,6251
2026-08-05T08:15:00+00:00,181.926,182.02299999999997,181.92499999999998,182.015,6147
2026-08-05T08:30:00+00:00,182.015,182.05599999999998,181.94099999999997,181.95199999999997,4142
2026-08-05T08:45:00+00:00,181.95199999999997,181.97799999999998,181.91199999999998,181.94099999999997,3711
2026-08-05T09:00:00+00:00,181.94099999999997,182.02599999999998,181.89299999999997,181.98399999999998,5453
2026-08-05T09:15:00+00:00,181.98399999999998,181.99499999999998,181.92299999999997,181.99499999999998,5937
2026-08-05T09:30:00+00:00,181.99499999999998,182.00599999999997,181.908,181.92999999999998,7022
2026-08-05T09:45:00+00:00,181.92999999999998,181.968,181.89299999999997,181.92899999999997,6824
2026-08-05T10:00:00+00:00,181.92899999999997,181.998,181.88299999999998,181.932,5506
2026-08-05T10:15:00+00:00,181.932,181.98399999999998,181.873,181.90099999999998,3585
2026-08-05T10:30:00+00:00,181.90099999999998,181.94599999999997,181.862,181.91199999999998,5025
2026-08-05T10:45:00+00:00,181.91199999999998,181.914,181.868,181.874,4635
2026-08-05T11:00:00+00:00,181.874,181.89999999999998,181.80299999999997,181.85099999999997,7096
2026-08-05T11:15:00+00:00,181.85099999999997,181.85899999999998,181.75199999999998,181.83899999999997,8872
2026-08-05T11:30:00+00:00,181.83899999999997,181.944,181.82,181.90699999999998,6619
2026-08-05T11:45:00+00:00,181.90699999999998,181.92899999999997,181.86899999999997,181.91599999999997,6640
2026-08-05T12:00:00+00:00,181.91599999999997,181.975,181.90399999999997,181.90499999999997,5974
2026-08-05T12:15:00+00:00,181.90499999999997,181.95,181.801,181.873,9956
2026-08-05T12:30:00+00:00,181.873,181.89999999999998,181.837,181.868,6584
2026-08-05T12:45:00+00:00,181.868,181.896,181.85699999999997,181.878,5626
2026-08-05T13:00:00+00:00,181.878,181.885,181.77899999999997,181.83399999999997,6979
2026-08-05T13:15:00+00:00,181.83399999999997,181.95999999999998,181.80899999999997,181.89299999999997,7195
2026-08-05T13:30:00+00:00,181.89299999999997,181.91799999999998,181.68599999999998,181.694,10583
2026-08-05T13:45:00+00:00,181.694,181.777,181.64899999999997,181.748,8619
2026-08-05T14:00:00+00:00,181.748,181.753,181.664,181.71399999999997,9000
2026-08-05T14:15:00+00:00,181.71399999999997,181.82199999999997,181.70399999999998,181.76799999999997,8181
2026-08-05T14:30:00+00:00,181.76799999999997,181.83499999999998,181.75099999999998,181.825,7951
2026-08-05T14:45:00+00:00,181.825,181.903,181.81599999999997,181.856,8904
2026-08-05T15:00:00+00:00,181.856,181.87099999999998,181.76399999999998,181.86499999999998,8715
2026-08-05T15:15:00+00:00,181.86499999999998,181.885,181.82099999999997,181.838,9360
2026-08-05T15:30:00+00:00,181.838,181.89199999999997,181.80999999999997,181.87199999999999,6707
2026-08-05T15:45:00+00:00,181.87199999999999,181.92999999999998,181.85699999999997,181.92399999999998,9004
2026-08-05T16:00:00+00:00,181.92399999999998,181.93699999999998,181.861,181.91299999999998,7904
2026-08-05T16:15:00+00:00,181.91299999999998,181.94299999999998,181.89399999999998,181.926,5692
2026-08-05T16:30:00+00:00,181.926,181.944,181.90599999999998,181.939,7535
2026-08-05T16:45:00+00:00,181.939,182.01999999999998,181.92,182.01999999999998,8146
2026-08-05T17:00:00+00:00,182.01999999999998,182.03599999999997,181.97899999999998,182.016,5507
2026-08-05T17:15:00+00:00,182.016,182.05399999999997,182.005,182.028,5893
2026-08-05T17:30:00+00:00,182.028,182.08399999999997,182.02299999999997,182.07799999999997,4860
2026-08-05T17:45:00+00:00,182.07799999999997,182.11399999999998,182.06499999999997,182.11399999999998,4973
2026-08-05T18:00:00+00:00,182.11399999999998,182.13,182.07299999999998,182.08599999999998,5811
2026-08-05T18:15:00+00:00,182.08599999999998,182.12599999999998,182.082,182.093,5643
2026-08-05T18:30:00+00:00,182.093,182.112,182.06099999999998,182.076,5725
2026-08-05T18:45:00+00:00,182.076,182.08999999999997,182.04199999999997,182.057,4890
2026-08-05T19:00:00+00:00,182.057,182.08599999999998,182.04399999999998,182.064,4327
2026-08-05T19:15:00+00:00,182.064,182.07699999999997,182.04299999999998,182.04799999999997,5246
2026-08-05T19:30:00+00:00,182.04799999999997,182.05999999999997,182.01,182.04099999999997,4205
2026-08-05T19:45:00+00:00,182.04099999999997,182.088,182.04099999999997,182.07199999999997,5244
2026-08-05T20:00:00+00:00,182.07199999999997,182.123,182.05899999999997,182.11499999999998,2513
2026-08-05T20:15:00+00:00,182.11499999999998,182.17299999999997,182.11499999999998,182.15599999999998,1802
2026-08-05T20:30:00+00:00,182.15599999999998,182.17499999999998,182.134,182.13699999999997,2135
2026-08-05T20:45:00+00:00,182.13699999999997,182.165,182.11899999999997,182.129,7055
2026-08-05T21:00:00+00:00,182.129,182.146,182.06799999999998,182.111,521
2026-08-05T21:15:00+00:00,182.111,182.141,182.08499999999998,182.09599999999998,1639
2026-08-05T21:30:00+00:00,182.09599999999998,182.10899999999998,182.075,182.08499999999998,1655
2026-08-05T21:45:00+00:00,182.08499999999998,182.10899999999998,181.98999999999998,182.034,2140
2026-08-05T22:00:00+00:00,182.034,182.10299999999998,182.034,182.08999999999997,1056
2026-08-05T22:15:00+00:00,182.08999999999997,182.10299999999998,182.087,182.09599999999998,793
2026-08-05T22:30:00+00:00,182.09599999999998,182.105,182.08299999999997,182.10199999999998,395
2026-08-05T22:45:00+00:00,182.10199999999998,182.10899999999998,182.052,182.08299999999997,486
2026-08-05T23:00:00+00:00,182.08299999999997,182.08299999999997,182.039,182.046,717
2026-08-05T23:15:00+00:00,182.046,182.05999999999997,182.033,182.057,770
2026-08-05T23:30:00+00:00,182.057,182.06499999999997,182.01799999999997,182.02599999999998,935
2026-08-05T23:45:00+00:00,182.02599999999998,182.051,181.98199999999997,182.03599999999997,1768
2026-08-06T00:00:00+00:00,182.03599999999997,182.117,182.03599999999997,182.105,4104
2026-08-06T00:15:00+00:00,182.105,182.147,182.09199999999998,182.12599999999998,5938
2026-08-06T00:30:00+00:00,182.12599999999998,182.15499999999997,182.106,182.12199999999999,3996
2026-08-06T00:45:00+00:00,182.12199999999999,182.225,182.118,182.164,6775
2026-08-06T01:00:00+00:00,182.164,182.18099999999998,182.11599999999999,182.15399999999997,4255
2026-08-06T01:15:00+00:00,182.15399999999997,182.164,182.07399999999998,182.08499999999998,4244
2026-08-06T01:30:00+00:00,182.08499999999998,182.088,182.01699999999997,182.046,3108
2026-08-06T01:45:00+00:00,182.046,182.07399999999998,182.04099999999997,182.06699999999998,3024
2026-08-06T02:00:00+00:00,182.06699999999998,182.09699999999998,182.02399999999997,182.058,3469
2026-08-06T02:15:00+00:00,182.058,182.10099999999997,182.057,182.08599999999998,3302
2026-08-06T02:30:00+00:00,182.08599999999998,182.09199999999998,182.06699999999998,182.07699999999997,3130
2026-08-06T02:45:00+00:00,182.07699999999997,182.09199999999998,182.03799999999998,182.05499999999998,3184
2026-08-06T03:00:00+00:00,182.05499999999998,182.10099999999997,182.051,182.088,2483
2026-08-06T03:15:00+00:00,182.088,182.08999999999997,182.05399999999997,182.06799999999998,3052
2026-08-06T03:30:00+00:00,182.06799999999998,182.075,182.03799999999998,182.046,2377
2026-08-06T03:45:00+00:00,182.046,182.052,182.01199999999997,182.051,2040
2026-08-06T04:00:00+00:00,182.051,182.05399999999997,182.03499999999997,182.04699999999997,1662
2026-08-06T04:15:00+00:00,182.04699999999997,182.04799999999997,182.01399999999998,182.04,1425
2026-08-06T04:30:00+00:00,182.04,182.064,182.02999999999997,182.03499999999997,1658
2026-08-06T04:45:00+00:00,182.03499999999997,182.06599999999997,182.028,182.063,2372
2026-08-06T05:00:00+00:00,182.063,182.076,182.01999999999998,182.028,2374
2026-08-06T05:15:00+00:00,182.028,182.046,182.01999999999998,182.03699999999998,1317
2026-08-06T05:30:00+00:00,182.03699999999998,182.06699999999998,182.02299999999997,182.02599999999998,2240
2026-08-06T05:45:00+00:00,182.02599999999998,182.10099999999997,182.02499999999998,182.07899999999998,2701
2026-08-06T06:00:00+00:00,182.07899999999998,182.09799999999998,182.04699999999997,182.06799999999998,3239
2026-08-06T06:15:00+00:00,182.06799999999998,182.13199999999998,182.06699999999998,182.10699999999997,3620
2026-08-06T06:30:00+00:00,182.10699999999997,182.14499999999998,182.06599999999997,182.09599999999998,3843
2026-08-06T06:45:00+00:00,182.09599999999998,182.124,182.07799999999997,182.09499999999997,2980
2026-08-06T07:00:00+00:00,182.09499999999997,182.09799999999998,181.97699999999998,182.057,4375
2026-08-06T07:15:00+00:00,182.057,182.06599999999997,181.986,182.028,3629
2026-08-06T07:30:00+00:00,182.028,182.14299999999997,182.027,182.13299999999998,3548
2026-08-06T07:45:00+00:00,182.13299999999998,182.14499999999998,182.08899999999997,182.129,4319
2026-08-06T08:00:00+00:00,182.129,182.15399999999997,182.06199999999998,182.10199999999998,3266
2026-08-06T08:15:00+00:00,182.10199999999998,182.14199999999997,182.04899999999998,182.06099999999998,3273
2026-08-06T08:30:00+00:00,182.06099999999998,182.09499999999997,182.02499999999998,182.06099999999998,3052
2026-08-06T08:45:00+00:00,182.06099999999998,182.08899999999997,182.01199999999997,182.08499999999998,3022
2026-08-06T09:00:00+00:00,182.08499999999998,182.08899999999997,182.04799999999997,182.082,2798
2026-08-06T09:15:00+00:00,182.082,182.08599999999998,182.046,182.07899999999998,2889
2026-08-06T09:30:00+00:00,182.07899999999998,182.09699999999998,182.022,182.033,3571
2026-08-06T09:45:00+00:00,182.033,182.06799999999998,182.02399999999997,182.04699999999997,2928
2026-08-06T10:00:00+00:00,182.04699999999997,182.075,181.99599999999998,182.039,3137
2026-08-06T10:15:00+00:00,182.039,182.08399999999997,182.022,182.07699999999997,2843
2026-08-06T10:30:00+00:00,182.07699999999997,182.094,182.05399999999997,182.06499999999997,2429
2026-08-06T10:45:00+00:00,182.06499999999997,182.09099999999998,182.045,182.08599999999998,3130
2026-08-06T11:00:00+00:00,182.08599999999998,182.20799999999997,182.08599999999998,182.19099999999997,3517
2026-08-06T11:15:00+00:00,182.19099999999997,182.21699999999998,182.17199999999997,182.17799999999997,3864
2026-08-06T11:30:00+00:00,182.17799999999997,182.188,182.11299999999997,182.11499999999998,3214
2026-08-06T11:45:00+00:00,182.11499999999998,182.14999999999998,182.07399999999998,182.13299999999998,5429
2026-08-06T12:00:00+00:00,182.13299999999998,182.136,182.04199999999997,182.05399999999997,3887
2026-08-06T12:15:00+00:00,182.05399999999997,182.128,182.052,182.07799999999997,3216
2026-08-06T12:30:00+00:00,182.07799999999997,182.17,182.07299999999998,182.14199999999997,4158
2026-08-06T12:45:00+00:00,182.14199999999997,182.147,182.057,182.087,4408
2026-08-06T13:00:00+00:00,182.087,182.11999999999998,182.064,182.10099999999997,5530
2026-08-06T13:15:00+00:00,182.10099999999997,182.123,182.069,182.076,4267
2026-08-06T13:30:00+00:00,182.076,182.189,182.06099999999998,182.17499999999998,5779
2026-08-06T13:45:00+00:00,182.17499999999998,182.17499999999998,182.08499999999998,182.112,5432
2026-08-06T14:00:00+00:00,182.112,182.41099999999997,182.093,182.30299999999997,8969
2026-08-06T14:15:00+00:00,182.30299999999997,182.408,182.27399999999997,182.38699999999997,5674
2026-08-06T14:30:00+00:00,182.38699999999997,182.451,182.33499999999998,182.34599999999998,4722
2026-08-06T14:45:00+00:00,182.34599999999998,182.41199999999998,182.34599999999998,182.38199999999998,6711
2026-08-06T15:00:00+00:00,182.38199999999998,182.51299999999998,182.38099999999997,182.51199999999997,7236
2026-08-06T15:15:00+00:00,182.51199999999997,182.522,182.408,182.43999999999997,7399
2026-08-06T15:30:00+00:00,182.43999999999997,182.45899999999997,182.36599999999999,182.397,5112
2026-08-06T15:45:00+00:00,182.397,182.44799999999998,182.397,182.43099999999998,6643
2026-08-06T16:00:00+00:00,182.43099999999998,182.49999999999997,182.43099999999998,182.475,5415
2026-08-06T16:15:00+00:00,182.475,182.48799999999997,182.153,182.42399999999998,6607
2026-08-06T16:30:00+00:00,182.42399999999998,182.51799999999997,182.41599999999997,182.47099999999998,3191
2026-08-06T16:45:00+00:00,182.47099999999998,182.51299999999998,182.46999999999997,182.49999999999997,3611
2026-08-06T17:00:00+00:00,182.49999999999997,182.505,182.408,182.415,3280
2026-08-06T17:15:00+00:00,182.415,182.445,182.38199999999998,182.397,4261
2026-08-06T17:30:00+00:00,182.397,182.414,182.38,182.40099999999998,2875
2026-08-06T17:45:00+00:00,182.40099999999998,182.41599999999997,182.36899999999997,182.415,2539
2026-08-06T18:00:00+00:00,182.415,182.43399999999997,182.39,182.41299999999998,2707
2026-08-06T18:15:00+00:00,182.41299999999998,182.42799999999997,182.37199999999999,182.38299999999998,3076
2026-08-06T18:30:00+00:00,182.38299999999998,182.41099999999997,182.379,182.386,3026
2026-08-06T18:45:00+00:00,182.386,182.39199999999997,182.33299999999997,182.343,3105
2026-08-06T19:00:00+00:00,182.343,182.378,182.32799999999997,182.374,2960
2026-08-06T19:15:00+00:00,182.374,182.426,182.35199999999998,182.40999999999997,3942
2026-08-06T19:30:00+00:00,182.40999999999997,182.427,182.397,182.409,2982
2026-08-06T19:45:00+00:00,182.409,182.475,182.402,182.41599999999997,3937
2026-08-06T20:00:00+00:00,182.41599999999997,182.463,182.40999999999997,182.44899999999998,1609
2026-08-06T20:15:00+00:00,182.44899999999998,182.486,182.426,182.45199999999997,1662
2026-08-06T20:30:00+00:00,182.45199999999997,182.468,182.43499999999997,182.462,1365
2026-08-06T20:45:00+00:00,182.462,182.511,182.43599999999998,182.43599999999998,3356
2026-08-06T21:00:00+00:00,182.43599999999998,182.451,182.38799999999998,182.421,163
2026-08-06T21:15:00+00:00,182.421,182.47899999999998,182.42,182.427,506
2026-08-06T21:30:00+00:00,182.427,182.46699999999998,182.415,182.44299999999998,635
2026-08-06T21:45:00+00:00,182.44299999999998,182.48199999999997,182.409,182.456,518
2026-08-06T22:00:00+00:00,182.456,182.52399999999997,182.456,182.50699999999998,793
2026-08-06T22:15:00+00:00,182.50699999999998,182.509,182.492,182.493,646
2026-08-06T22:30:00+00:00,182.493,182.49499999999998,182.45299999999997,182.456,765
2026-08-06T22:45:00+00:00,182.456,182.481,182.45399999999998,182.474,534
2026-08-06T23:00:00+00:00,182.474,182.487,182.42299999999997,182.432,1206
2026-08-06T23:15:00+00:00,182.432,182.445,182.40399999999997,182.44099999999997,854
2026-08-06T23:30:00+00:00,182.44099999999997,182.44699999999997,182.41199999999998,182.44099999999997,929
2026-08-06T23:45:00+00:00,182.44099999999997,182.46099999999998,182.41799999999998,182.45999999999998,1426
2026-08-07T00:00:00+00:00,182.45999999999998,182.52499999999998,182.451,182.52499999999998,3487
2026-08-07T00:15:00+00:00,182.52499999999998,182.53499999999997,182.49499999999998,182.51999999999998,4075
2026-08-07T00:30:00+00:00,182.51999999999998,182.54199999999997,182.498,182.53199999999998,2817
2026-08-07T00:45:00+00:00,182.53199999999998,182.57999999999998,182.47599999999997,182.504,5613
2026-08-07T01:00:00+00:00,182.504,182.52599999999998,182.40599999999998,182.44199999999998,3929
2026-08-07T01:15:00+00:00,182.44199999999998,182.44199999999998,182.35799999999998,182.414,3860
2026-08-07T01:30:00+00:00,182.414,182.414,182.22299999999998,182.295,5345
2026-08-07T01:45:00+00:00,182.295,182.32999999999998,182.29199999999997,182.32099999999997,2754
2026-08-07T02:00:00+00:00,182.32099999999997,182.37599999999998,182.314,182.32199999999997,2925
2026-08-07T02:15:00+00:00,182.32199999999997,182.35699999999997,182.32199999999997,182.34499999999997,2157
2026-08-07T02:30:00+00:00,182.34499999999997,182.34699999999998,182.319,182.32699999999997,1799
2026-08-07T02:45:00+00:00,182.32699999999997,182.37699999999998,182.32399999999998,182.36499999999998,1843
2026-08-07T03:00:00+00:00,182.36499999999998,182.403,182.35399999999998,182.40099999999998,1827
2026-08-07T03:15:00+00:00,182.40099999999998,182.40999999999997,182.38899999999998,182.39999999999998,1298
2026-08-07T03:30:00+00:00,182.39999999999998,182.44199999999998,182.38699999999997,182.43599999999998,1975
2026-08-07T03:45:00+00:00,182.43599999999998,182.462,182.39499999999998,182.433,2077
2026-08-07T04:00:00+00:00,182.433,182.438,182.39,182.421,2172
2026-08-07T04:15:00+00:00,182.421,182.43599999999998,182.408,182.42,2138
2026-08-07T04:30:00+00:00,182.42,182.444,182.39499999999998,182.43999999999997,2287
2026-08-07T04:45:00+00:00,182.43999999999997,182.457,182.403,182.40499999999997,1954
2026-08-07T05:00:00+00:00,182.40499999999997,182.41599999999997,182.378,182.41299999999998,1539
2026-08-07T05:15:00+00:00,182.41299999999998,182.42899999999997,182.368,182.368,1434
2026-08-07T05:30:00+00:00,182.368,182.39499999999998,182.355,182.38099999999997,2181
2026-08-07T05:45:00+00:00,182.38099999999997,182.38899999999998,182.32299999999998,182.33299999999997,2305
2026-08-07T06:00:00+00:00,182.33299999999997,182.36399999999998,182.29399999999998,182.32399999999998,2797
2026-08-07T06:15:00+00:00,182.32399999999998,182.349,182.29999999999998,182.325,2909
2026-08-07T06:30:00+00:00,182.325,182.35799999999998,182.29099999999997,182.301,3684
2026-08-07T06:45:00+00:00,182.301,182.37099999999998,182.301,182.36299999999997,3122
2026-08-07T07:00:00+00:00,182.36299999999997,182.36999999999998,182.28499999999997,182.33499999999998,3819
2026-08-07T07:15:00+00:00,182.33499999999998,182.41099999999997,182.33499999999998,182.391,3522
2026-08-07T07:30:00+00:00,182.391,182.42799999999997,182.367,182.38,3645
2026-08-07T07:45:00+00:00,182.38,182.47699999999998,182.38,182.42199999999997,3363
2026-08-07T08:00:00+00:00,182.42199999999997,182.43599999999998,182.40499999999997,182.43099999999998,3805
2026-08-07T08:15:00+00:00,182.43099999999998,182.462,182.40999999999997,182.41799999999998,3190
2026-08-07T08:30:00+00:00,182.41799999999998,182.44099999999997,182.374,182.41699999999997,2921
2026-08-07T08:45:00+00:00,182.41699999999997,182.43699999999998,182.37199999999999,182.39899999999997,3618
2026-08-07T09:00:00+00:00,182.39899999999997,182.47199999999998,182.39,182.47199999999998,3972
2026-08-07T09:15:00+00:00,182.47199999999998,182.48399999999998,182.433,182.43999999999997,2682
2026-08-07T09:30:00+00:00,182.43999999999997,182.43999999999997,182.39999999999998,182.43399999999997,2805
2026-08-07T09:45:00+00:00,182.43399999999997,182.487,182.42899999999997,182.46599999999998,3204
2026-08-07T10:00:00+00:00,182.46599999999998,182.487,182.44599999999997,182.457,2796
2026-08-07T10:15:00+00:00,182.457,182.509,182.45199999999997,182.49699999999999,2794
2026-08-07T10:30:00+00:00,182.49699999999999,182.50199999999998,182.30899999999997,182.35099999999997,4960
2026-08-07T10:45:00+00:00,182.35099999999997,182.40999999999997,182.33599999999998,182.374,3768
2026-08-07T11:00:00+00:00,182.374,182.41799999999998,182.35699999999997,182.41299999999998,3698
2026-08-07T11:15:00+00:00,182.41299999999998,182.44699999999997,182.41299999999998,182.444,2947
2026-08-07T11:30:00+00:00,182.444,182.48499999999999,182.42399999999998,182.48299999999998,3060
2026-08-07T11:45:00+00:00,182.48299999999998,182.499,182.445,182.49699999999999,3137
2026-08-07T12:00:00+00:00,182.49699999999999,182.557,182.48299999999998,182.52599999999998,4850
2026-08-07T12:15:00+00:00,182.52599999999998,182.581,182.38899999999998,182.38899999999998,6046
2026-08-07T12:30:00+00:00,182.38899999999998,182.45,181.18599999999998,181.90099999999998,33709
2026-08-07T12:45:00+00:00,181.90099999999998,182.034,181.77599999999998,182.033,18585
2026-08-07T13:00:00+00:00,182.033,182.08599999999998,181.89399999999998,181.914,12194
2026-08-07T13:15:00+00:00,181.914,182.039,181.91099999999997,182.009,9143
2026-08-07T13:30:00+00:00,182.009,182.225,182.00599999999997,182.19599999999997,9756
2026-08-07T13:45:00+00:00,182.19599999999997,182.24999999999997,182.165,182.20499999999998,10106
2026-08-07T14:00:00+00:00,182.20499999999998,182.24399999999997,182.11999999999998,182.19599999999997,10210
2026-08-07T14:15:00+00:00,182.19599999999997,182.27399999999997,182.17899999999997,182.23499999999999,7961
2026-08-07T14:30:00+00:00,182.23499999999999,182.26299999999998,182.189,182.24499999999998,6631
2026-08-07T14:45:00+00:00,182.24499999999998,182.385,182.23199999999997,182.35099999999997,10606
2026-08-07T15:00:00+00:00,182.35099999999997,182.38899999999998,182.313,182.33899999999997,10257
2026-08-07T15:15:00+00:00,182.33899999999997,182.35399999999998,182.14,182.153,9643
2026-08-07T15:30:00+00:00,182.153,182.171,181.91699999999997,182.003,9607
2026-08-07T15:45:00+00:00,182.003,182.08899999999997,181.91599999999997,181.99699999999999,8843
2026-08-07T16:00:00+00:00,181.99699999999999,182.01699999999997,181.896,181.956,8384
2026-08-07T16:15:00+00:00,181.956,181.99999999999997,181.78699999999998,181.85199999999998,9558
2026-08-07T16:30:00+00:00,181.85199999999998,181.89999999999998,181.81099999999998,181.897,6235
2026-08-07T16:45:00+00:00,181.897,181.92899999999997,181.862,181.89,6147
2026-08-07T17:00:00+00:00,181.89,181.95499999999998,181.88,181.89899999999997,3679
2026-08-07T17:15:00+00:00,181.89899999999997,181.91199999999998,181.85899999999998,181.873,3445
2026-08-07T17:30:00+00:00,181.873,181.945,181.86499999999998,181.94099999999997,3834
2026-08-07T17:45:00+00:00,181.94099999999997,181.975,181.92899999999997,181.97099999999998,2704
2026-08-07T18:00:00+00:00,181.97099999999998,182.10399999999998,181.95799999999997,182.08599999999998,3564
2026-08-07T18:15:00+00:00,182.08599999999998,182.13799999999998,182.058,182.10099999999997,4031
2026-08-07T18:30:00+00:00,182.10099999999997,182.123,182.069,182.10399999999998,3430
2026-08-07T18:45:00+00:00,182.10399999999998,182.107,182.06799999999998,182.09,2536
2026-08-07T19:00:00+00:00,182.09,182.166,182.06699999999998,182.16199999999998,4142
2026-08-07T19:15:00+00:00,182.16199999999998,182.16899999999998,182.113,182.119,5051
2026-08-07T19:30:00+00:00,182.119,182.12,182.063,182.07899999999998,4318
2026-08-07T19:45:00+00:00,182.07899999999998,182.07899999999998,182.004,182.06799999999998,5819
2026-08-07T20:00:00+00:00,182.06799999999998,182.16899999999998,182.03799999999998,182.167,3281
2026-08-07T20:15:00+00:00,182.167,182.253,182.167,182.195,3215
2026-08-07T20:30:00+00:00,182.195,182.369,182.189,182.256,4518
2026-08-07T20:45:00+00:00,182.256,182.315,182.242,182.253,3814
2026-08-09T21:00:00+00:00,182.253,182.304,182.24599999999998,182.29,141.1178938679776
2026-08-09T21:15:00+00:00,182.29,182.29,182.155,182.256,207
2026-08-09T21:30:00+00:00,182.256,182.261,182.19799999999998,182.2,372
2026-08-09T21:45:00+00:00,182.2,182.20499999999998,182.183,182.201,257
2026-08-09T22:00:00+00:00,182.201,182.35999999999999,182.19,182.325,1366
2026-08-09T22:15:00+00:00,182.325,182.356,182.316,182.346,657
2026-08-09T22:30:00+00:00,182.346,182.411,182.33599999999998,182.408,900
2026-08-09T22:45:00+00:00,182.408,182.426,182.38,182.38899999999998,1067
2026-08-09T23:00:00+00:00,182.38899999999998,182.408,182.345,182.363,1779
2026-08-09T23:15:00+00:00,182.363,182.387,182.32299999999998,182.334,1582
2026-08-09T23:30:00+00:00,182.334,182.386,182.303,182.384,1650
2026-08-09T23:45:00+00:00,182.384,182.40099999999998,182.352,182.373,2061
2026-08-10T00:00:00+00:00,182.373,182.396,182.34099999999998,182.368,7319
2026-08-10T00:15:00+00:00,182.368,182.414,182.362,182.392,5135
2026-08-10T00:30:00+00:00,182.392,182.405,182.374,182.391,3466
2026-08-10T00:45:00+00:00,182.391,182.47199999999998,182.369,182.45999999999998,6730
2026-08-10T01:00:00+00:00,182.45999999999998,182.619,182.446,182.535,8040
2026-08-10T01:15:00+00:00,182.535,182.63,182.51399999999998,182.594,5936
2026-08-10T01:30:00+00:00,182.594,182.714,182.59099999999998,182.69199999999998,4403
2026-08-10T01:45:00+00:00,182.69199999999998,182.80499999999998,182.665,182.771,5546
2026-08-10T02:00:00+00:00,182.771,182.797,182.732,182.783,3714
2026-08-10T02:15:00+00:00,182.783,182.795,182.743,182.744,3167
2026-08-10T02:30:00+00:00,182.744,182.762,182.719,182.732,3316
2026-08-10T02:45:00+00:00,182.732,182.736,182.67499999999998,182.68099999999998,2430
2026-08-10T03:00:00+00:00,182.68099999999998,182.68699999999998,182.61599999999999,182.63899999999998,3600
2026-08-10T03:15:00+00:00,182.63899999999998,182.642,182.59099999999998,182.6,2863
2026-08-10T03:30:00+00:00,182.6,182.634,182.59,182.614,2609
2026-08-10T03:45:00+00:00,182.614,182.623,182.602,182.60999999999999,2115
2026-08-10T04:00:00+00:00,182.60999999999999,182.683,182.60999999999999,182.67499999999998,2305
2026-08-10T04:15:00+00:00,182.67499999999998,182.706,182.659,182.697,2622
2026-08-10T04:30:00+00:00,182.697,182.712,182.683,182.70999999999998,2226
2026-08-10T04:45:00+00:00,182.70999999999998,182.815,182.696,182.80599999999998,3295
2026-08-10T05:00:00+00:00,182.80599999999998,182.83599999999998,182.785,182.834,4864
2026-08-10T05:15:00+00:00,182.834,182.855,182.80599999999998,182.80599999999998,3305
2026-08-10T05:30:00+00:00,182.80599999999998,182.843,182.797,182.84099999999998,4436
2026-08-10T05:45:00+00:00,182.84099999999998,182.885,182.82999999999998,182.86499999999998,4177
2026-08-10T06:00:00+00:00,182.86499999999998,182.97,182.856,182.941,4608
2026-08-10T06:15:00+00:00,182.941,183,182.92499999999998,182.97299999999998,5700
2026-08-10T06:30:00+00:00,182.97299999999998,182.99099999999999,182.92399999999998,182.93699999999998,4362
2026-08-10T06:45:00+00:00,182.93699999999998,182.94199999999998,182.88,182.917,4526
2026-08-10T07:00:00+00:00,182.917,183.006,182.902,182.97799999999998,5728
2026-08-10T07:15:00+00:00,182.97799999999998,183.042,182.969,183.021,5498
2026-08-10T07:30:00+00:00,183.021,183.148,183.021,183.14499999999998,5462
2026-08-10T07:45:00+00:00,183.14499999999998,183.176,183.089,183.13,5917
2026-08-10T08:00:00+00:00,183.13,183.179,183.06799999999998,183.166,4831
2026-08-10T08:15:00+00:00,183.166,183.195,183.16,183.19299999999998,3926
2026-08-10T08:30:00+00:00,183.19299999999998,183.268,183.17399999999998,183.242,7726
2026-08-10T08:45:00+00:00,183.242,183.37,183.215,183.33499999999998,5587
2026-08-10T09:00:00+00:00,183.33499999999998,183.40099999999998,183.333,183.361,3907
2026-08-10T09:15:00+00:00,183.361,183.388,183.334,183.38,3682
2026-08-10T09:30:00+00:00,183.38,183.458,183.373,183.447,4463
2026-08-10T09:45:00+00:00,183.447,183.53799999999998,183.438,183.486,5227
2026-08-10T10:00:00+00:00,183.486,183.521,183.446,183.45999999999998,4620
2026-08-10T10:15:00+00:00,183.45999999999998,183.482,183.35999999999999,183.422,6443
2026-08-10T10:30:00+00:00,183.422,183.44,183.385,183.40099999999998,5041
2026-08-10T10:45:00+00:00,183.40099999999998,183.406,183.339,183.39,5193
2026-08-10T11:00:00+00:00,183.39,183.42999999999998,183.34699999999998,183.36499999999998,4752
2026-08-10T11:15:00+00:00,183.36499999999998,183.379,183.29899999999998,183.32999999999998,4778
2026-08-10T11:30:00+00:00,183.32999999999998,183.38899999999998,183.326,183.35899999999998,4343
2026-08-10T11:45:00+00:00,183.35899999999998,183.406,183.352,183.376,5054
2026-08-10T12:00:00+00:00,183.376,183.38899999999998,182.953,183.21699999999998,10881
2026-08-10T12:15:00+00:00,183.21699999999998,183.289,183.17399999999998,183.232,5466
2026-08-10T12:30:00+00:00,183.232,183.327,183.227,183.321,5161
2026-08-10T12:45:00+00:00,183.321,183.453,183.314,183.435,5604
2026-08-10T13:00:00+00:00,183.435,183.49699999999999,183.404,183.47899999999998,6808
2026-08-10T13:15:00+00:00,183.47899999999998,183.54299999999998,183.464,183.5,4761
2026-08-10T13:30:00+00:00,183.5,183.546,183.48499999999999,183.49599999999998,6190
2026-08-10T13:45:00+00:00,183.49599999999998,183.54899999999998,183.394,183.48499999999999,10716
2026-08-10T14:00:00+00:00,183.48499999999999,183.506,183.429,183.456,7484
2026-08-10T14:15:00+00:00,183.456,183.492,183.38,183.464,7812
2026-08-10T14:30:00+00:00,183.464,183.539,183.45399999999998,183.49599999999998,7299
2026-08-10T14:45:00+00:00,183.49599999999998,183.553,183.46599999999998,183.506,9741
2026-08-10T15:00:00+00:00,183.506,183.55599999999998,183.44,183.523,7993
2026-08-10T15:15:00+00:00,183.523,183.531,183.41199999999998,183.42499999999998,7664
2026-08-10T15:30:00+00:00,183.42499999999998,183.45499999999998,183.40099999999998,183.427,5834
2026-08-10T15:45:00+00:00,183.427,183.488,183.417,183.462,5461
2026-08-10T16:00:00+00:00,183.462,183.53199999999998,183.453,183.523,4870
2026-08-10T16:15:00+00:00,183.523,183.528,183.46099999999998,183.51,4068
2026-08-10T16:30:00+00:00,183.51,183.559,183.474,183.501,6633
2026-08-10T16:45:00+00:00,183.501,183.56099999999998,183.46699999999998,183.54299999999998,5922
2026-08-10T17:00:00+00:00,183.54299999999998,183.65099999999998,183.534,183.59199999999998,5884
2026-08-10T17:15:00+00:00,183.59199999999998,183.601,183.54999999999998,183.571,5456
2026-08-10T17:30:00+00:00,183.571,183.60899999999998,183.564,183.588,4004
2026-08-10T17:45:00+00:00,183.588,183.614,183.583,183.593,3141
2026-08-10T18:00:00+00:00,183.593,183.62699999999998,183.575,183.60999999999999,2500
2026-08-10T18:15:00+00:00,183.60999999999999,183.641,183.608,183.61599999999999,2143
2026-08-10T18:30:00+00:00,183.61599999999999,183.659,183.558,183.654,4388
2026-08-10T18:45:00+00:00,183.654,183.822,183.647,183.697,6663
2026-08-10T19:00:00+00:00,183.697,183.70399999999998,183.67,183.688,4231
2026-08-10T19:15:00+00:00,183.688,183.743,183.67499999999998,183.742,3313
2026-08-10T19:30:00+00:00,183.742,183.834,183.742,183.786,3812
2026-08-10T19:45:00+00:00,183.786,183.802,183.736,183.763,4371
2026-08-10T20:00:00+00:00,183.763,183.80499999999998,183.75,183.804,2477
2026-08-10T20:15:00+00:00,183.804,183.81799999999998,183.795,183.804,1253
2026-08-10T20:30:00+00:00,183.804,183.809,183.785,183.792,867
2026-08-10T20:45:00+00:00,183.792,183.79299999999998,183.739,183.755,3820
2026-08-10T21:00:00+00:00,183.755,183.778,183.64,183.69799999999998,120
2026-08-10T21:15:00+00:00,183.69799999999998,183.73399999999998,183.671,183.708,304
2026-08-10T21:30:00+00:00,183.708,183.72899999999998,183.67499999999998,183.727,514
2026-08-10T21:45:00+00:00,183.727,183.73399999999998,183.67,183.684,632
2026-08-10T22:00:00+00:00,183.684,183.78699999999998,183.684,183.78,1563
2026-08-10T22:15:00+00:00,183.78,183.785,183.726,183.759,919
2026-08-10T22:30:00+00:00,183.759,183.767,183.71599999999998,183.721,1100
2026-08-10T22:45:00+00:00,183.721,183.737,183.71099999999998,183.726,542
2026-08-10T23:00:00+00:00,183.726,183.748,183.72,183.736,861
2026-08-10T23:15:00+00:00,183.736,183.744,183.71599999999998,183.739,1356
2026-08-10T23:30:00+00:00,183.739,183.759,183.733,183.751,1061
2026-08-10T23:45:00+00:00,183.751,183.75199999999998,183.635,183.66299999999998,2423
2026-08-11T00:00:00+00:00,183.66299999999998,183.68099999999998,183.634,183.665,3839
2026-08-11T00:15:00+00:00,183.665,183.738,183.66299999999998,183.73399999999998,3980
2026-08-11T00:30:00+00:00,183.73399999999998,183.738,183.45,183.541,6496
2026-08-11T00:45:00+00:00,183.541,183.658,183.534,183.652,5439
2026-08-11T01:00:00+00:00,183.652,183.652,183.578,183.63899999999998,4033
2026-08-11T01:15:00+00:00,183.63899999999998,183.655,183.601,183.612,3493
2026-08-11T01:30:00+00:00,183.612,183.658,183.60299999999998,183.642,3087
2026-08-11T01:45:00+00:00,183.642,183.701,183.62699999999998,183.67999999999998,2816
2026-08-11T02:00:00+00:00,183.67999999999998,183.74599999999998,183.655,183.719,3084
2026-08-11T02:15:00+00:00,183.719,183.748,183.707,183.727,4707
2026-08-11T02:30:00+00:00,183.727,183.754,183.71099999999998,183.749,2931
2026-08-11T02:45:00+00:00,183.749,183.75,183.676,183.688,2436
2026-08-11T03:00:00+00:00,183.688,183.70999999999998,183.649,183.683,3026
2026-08-11T03:15:00+00:00,183.683,183.69199999999998,183.634,183.646,2799
2026-08-11T03:30:00+00:00,183.646,183.679,183.623,183.67499999999998,1720
2026-08-11T03:45:00+00:00,183.67499999999998,183.676,183.623,183.667,2254
2026-08-11T04:00:00+00:00,183.667,183.682,183.652,183.665,2612
2026-08-11T04:15:00+00:00,183.665,183.67,183.64,183.664,2250
2026-08-11T04:30:00+00:00,183.664,183.69299999999998,183.649,183.656,4018
2026-08-11T04:45:00+00:00,183.656,183.691,183.644,183.646,3564
2026-08-11T05:00:00+00:00,183.646,183.655,183.62,183.629,1571
2026-08-11T05:15:00+00:00,183.629,183.642,183.611,183.62099999999998,2695
2026-08-11T05:30:00+00:00,183.62099999999998,183.641,183.58499999999998,183.608,3525
2026-08-11T05:45:00+00:00,183.608,183.643,183.602,183.635,3096
2026-08-11T06:00:00+00:00,183.635,183.664,183.611,183.643,4644
2026-08-11T06:15:00+00:00,183.643,183.643,183.54999999999998,183.582,5461
2026-08-11T06:30:00+00:00,183.582,183.606,183.54,183.587,5131
2026-08-11T06:45:00+00:00,183.587,183.589,183.536,183.577,4076
2026-08-11T07:00:00+00:00,183.577,183.73499999999999,183.572,183.703,5657
2026-08-11T07:15:00+00:00,183.703,183.721,183.648,183.658,4165
2026-08-11T07:30:00+00:00,183.658,183.689,183.617,183.636,3983
2026-08-11T07:45:00+00:00,183.636,183.694,183.619,183.67499999999998,5294
2026-08-11T08:00:00+00:00,183.67499999999998,183.68599999999998,183.624,183.67,4450
2026-08-11T08:15:00+00:00,183.67,183.684,183.62699999999998,183.631,3243
2026-08-11T08:30:00+00:00,183.631,183.712,183.624,183.709,2450
2026-08-11T08:45:00+00:00,183.709,183.749,183.70399999999998,183.733,2496
2026-08-11T09:00:00+00:00,183.733,183.769,183.70399999999998,183.707,2494
2026-08-11T09:15:00+00:00,183.707,183.72,183.654,183.66799999999998,2470
2026-08-11T09:30:00+00:00,183.66799999999998,183.672,183.636,183.658,3284
2026-08-11T09:45:00+00:00,183.658,183.67499999999998,183.635,183.665,3948
2026-08-11T10:00:00+00:00,183.665,183.718,183.648,183.69,3563
2026-08-11T10:15:00+00:00,183.69,183.695,183.572,183.626,5428
2026-08-11T10:30:00+00:00,183.626,183.659,183.606,183.612,4041
2026-08-11T10:45:00+00:00,183.612,183.63899999999998,183.553,183.594,3746
2026-08-11T11:00:00+00:00,183.594,183.596,183.5,183.522,10017
2026-08-11T11:15:00+00:00,183.522,183.587,183.49699999999999,183.583,4744
2026-08-11T11:30:00+00:00,183.583,183.59099999999998,183.53199999999998,183.566,4189
2026-08-11T11:45:00+00:00,183.566,183.626,183.56,183.61599999999999,4148
2026-08-11T12:00:00+00:00,183.61599999999999,183.66,183.59699999999998,183.65099999999998,5624
2026-08-11T12:15:00+00:00,183.65099999999998,183.724,183.642,183.695,6557
2026-08-11T12:30:00+00:00,183.695,183.73,183.66799999999998,183.69799999999998,4879
2026-08-11T12:45:00+00:00,183.69799999999998,183.748,183.683,183.71599999999998,3962
2026-08-11T13:00:00+00:00,183.71599999999998,183.72899999999998,183.63,183.667,4419
2026-08-11T13:15:00+00:00,183.667,183.69799999999998,183.636,183.664,4508
2026-08-11T13:30:00+00:00,183.664,183.719,183.637,183.712,4434
2026-08-11T13:45:00+00:00,183.712,183.757,183.69799999999998,183.71599999999998,5105
2026-08-11T14:00:00+00:00,183.71599999999998,183.74599999999998,183.69,183.715,5064
2026-08-11T14:15:00+00:00,183.715,183.72799999999998,183.648,183.658,4738
2026-08-11T14:30:00+00:00,183.658,183.697,183.649,183.683,4464
2026-08-11T14:45:00+00:00,183.683,183.709,183.661,183.69799999999998,4848
2026-08-11T15:00:00+00:00,183.69799999999998,183.709,183.63899999999998,183.63899999999998,5211
2026-08-11T15:15:00+00:00,183.63899999999998,183.697,183.629,183.696,4315
2026-08-11T15:30:00+00:00,183.696,183.724,183.68099999999998,183.72299999999998,5671
2026-08-11T15:45:00+00:00,183.72299999999998,183.744,183.708,183.72299999999998,3403
2026-08-11T16:00:00+00:00,183.72299999999998,183.726,183.666,183.66799999999998,3627
2026-08-11T16:15:00+00:00,183.66799999999998,183.688,183.626,183.673,3492
2026-08-11T16:30:00+00:00,183.673,183.703,183.664,183.676,3624
2026-08-11T16:45:00+00:00,183.676,183.697,183.666,183.68599999999998,3353
2026-08-11T17:00:00+00:00,183.68599999999998,183.7,183.652,183.66899999999998,4041
2026-08-11T17:15:00+00:00,183.66899999999998,183.714,183.666,183.69299999999998,2959
2026-08-11T17:30:00+00:00,183.69299999999998,183.726,183.69,183.707,2688
2026-08-11T17:45:00+00:00,183.707,183.71599999999998,183.69899999999998,183.714,1940
2026-08-11T18:00:00+00:00,183.714,183.72299999999998,183.695,183.702,2173
2026-08-11T18:15:00+00:00,183.702,183.725,183.69,183.70999999999998,2559
2026-08-11T18:30:00+00:00,183.70999999999998,183.742,183.70499999999998,183.726,3051
2026-08-11T18:45:00+00:00,183.726,183.745,183.68699999999998,183.697,2293
2026-08-11T19:00:00+00:00,183.697,183.73999999999998,183.697,183.71699999999998,3208
2026-08-11T19:15:00+00:00,183.71699999999998,183.754,183.714,183.75199999999998,2099
2026-08-11T19:30:00+00:00,183.75199999999998,183.753,183.72,183.73,2549
2026-08-11T19:45:00+00:00,183.73,183.771,183.71599999999998,183.761,3211
2026-08-11T20:00:00+00:00,183.761,183.783,183.73999999999998,183.75199999999998,1617
2026-08-11T20:15:00+00:00,183.75199999999998,183.753,183.72799999999998,183.739,785
2026-08-11T20:30:00+00:00,183.739,183.816,183.737,183.791,1345
2026-08-11T20:45:00+00:00,183.791,183.81,183.69799999999998,183.726,2718
2026-08-11T21:00:00+00:00,183.726,183.736,183.656,183.72899999999998,298
2026-08-11T21:15:00+00:00,183.72899999999998,183.731,183.679,183.689,434
2026-08-11T21:30:00+00:00,183.689,183.712,183.67399999999998,183.67399999999998,323
2026-08-11T21:45:00+00:00,183.67399999999998,183.706,183.67399999999998,183.7,291
2026-08-11T22:00:00+00:00,183.7,183.774,183.7,183.76399999999998,684
2026-08-11T22:15:00+00:00,183.76399999999998,183.767,183.74699999999999,183.75799999999998,412
2026-08-11T22:30:00+00:00,183.75799999999998,183.759,183.718,183.73,745
2026-08-11T22:45:00+00:00,183.73,183.75199999999998,183.72199999999998,183.75,493
2026-08-11T23:00:00+00:00,183.75,183.755,183.737,183.744,744
2026-08-11T23:15:00+00:00,183.744,183.768,183.743,183.749,616
2026-08-11T23:30:00+00:00,183.749,183.755,183.72799999999998,183.745,641
2026-08-11T23:45:00+00:00,183.745,183.767,183.73399999999998,183.75199999999998,865
2026-08-12T00:00:00+00:00,183.75199999999998,183.76,183.67399999999998,183.719,4001
2026-08-12T00:15:00+00:00,183.719,183.737,183.685,183.733,4794
2026-08-12T00:30:00+00:00,183.733,183.755,183.71599999999998,183.731,3745
2026-08-12T00:45:00+00:00,183.731,183.814,183.724,183.79,6101
2026-08-12T01:00:00+00:00,183.79,183.81,183.731,183.73999999999998,3355
2026-08-12T01:15:00+00:00,183.73999999999998,183.759,183.71599999999998,183.755,3980
2026-08-12T01:30:00+00:00,183.755,183.755,183.71699999999998,183.737,2936
2026-08-12T01:45:00+00:00,183.737,183.75,183.72,183.742,3721
2026-08-12T02:00:00+00:00,183.742,183.765,183.733,183.76399999999998,3014
2026-08-12T02:15:00+00:00,183.76399999999998,183.815,183.76399999999998,183.795,3867
2026-08-12T02:30:00+00:00,183.795,183.843,183.79399999999998,183.84099999999998,3616
2026-08-12T02:45:00+00:00,183.84099999999998,183.844,183.798,183.819,2962
2026-08-12T03:00:00+00:00,183.819,183.85899999999998,183.814,183.834,1849
2026-08-12T03:15:00+00:00,183.834,183.86499999999998,183.834,183.858,2771
2026-08-12T03:30:00+00:00,183.858,183.861,183.831,183.837,1998
2026-08-12T03:45:00+00:00,183.837,183.843,183.79399999999998,183.807,2535
2026-08-12T04:00:00+00:00,183.807,183.82299999999998,183.792,183.816,2561
2026-08-12T04:15:00+00:00,183.816,183.822,183.786,183.795,2168
2026-08-12T04:30:00+00:00,183.795,183.816,183.74699999999999,183.768,1960
2026-08-12T04:45:00+00:00,183.768,183.801,183.765,183.79399999999998,2694
2026-08-12T05:00:00+00:00,183.79399999999998,183.798,183.76,183.762,2632
2026-08-12T05:15:00+00:00,183.762,183.775,183.73499999999999,183.773,2876
2026-08-12T05:30:00+00:00,183.773,183.774,183.67,183.74099999999999,3212
2026-08-12T05:45:00+00:00,183.74099999999999,183.766,183.727,183.756,2499
2026-08-12T06:00:00+00:00,183.756,183.777,183.737,183.74599999999998,4204
2026-08-12T06:15:00+00:00,183.74599999999998,183.784,183.70999999999998,183.77599999999998,4747
2026-08-12T06:30:00+00:00,183.77599999999998,183.784,183.732,183.733,4652
2026-08-12T06:45:00+00:00,183.733,183.78,183.733,183.778,5062
2026-08-12T07:00:00+00:00,183.778,183.81199999999998,183.732,183.80499999999998,4287
2026-08-12T07:15:00+00:00,183.80499999999998,183.82299999999998,183.766,183.777,3611
2026-08-12T07:30:00+00:00,183.777,183.779,183.744,183.757,3052
2026-08-12T07:45:00+00:00,183.757,183.78,183.745,183.773,3010
2026-08-12T08:00:00+00:00,183.773,183.775,183.701,183.70999999999998,3162
2026-08-12T08:15:00+00:00,183.70999999999998,183.759,183.7,183.755,4177
2026-08-12T08:30:00+00:00,183.755,183.771,183.684,183.749,3854
2026-08-12T08:45:00+00:00,183.749,183.757,183.69199999999998,183.70399999999998,3978
2026-08-12T09:00:00+00:00,183.70399999999998,183.732,183.688,183.70999999999998,4473
2026-08-12T09:15:00+00:00,183.70999999999998,183.713,183.04399999999998,183.46599999999998,12932
2026-08-12T09:30:00+00:00,183.46599999999998,183.57299999999998,183.421,183.446,6611
2026-08-12T09:45:00+00:00,183.446,183.505,183.432,183.501,7644
2026-08-12T10:00:00+00:00,183.501,183.57399999999998,183.494,183.529,4772
2026-08-12T10:15:00+00:00,183.529,183.565,183.511,183.542,3676
2026-08-12T10:30:00+00:00,183.542,183.54299999999998,183.447,183.45,3160
2026-08-12T10:45:00+00:00,183.45,183.542,183.45,183.51,5110
2026-08-12T11:00:00+00:00,183.51,183.521,183.43599999999998,183.44299999999998,3839
2026-08-12T11:15:00+00:00,183.44299999999998,183.511,183.439,183.505,4609
2026-08-12T11:30:00+00:00,183.505,183.518,183.445,183.494,3901
2026-08-12T11:45:00+00:00,183.494,183.57,183.47199999999998,183.554,4999
2026-08-12T12:00:00+00:00,183.554,183.578,183.463,183.51399999999998,6280
2026-08-12T12:15:00+00:00,183.51399999999998,183.542,183.42499999999998,183.42499999999998,6536
2026-08-12T12:30:00+00:00,183.42499999999998,183.541,183.262,183.464,18875
2026-08-12T12:45:00+00:00,183.464,183.62,183.446,183.465,15641
2026-08-12T13:00:00+00:00,183.465,183.54999999999998,183.38299999999998,183.414,14775
2026-08-12T13:15:00+00:00,183.414,183.459,183.374,183.438,10008
2026-08-12T13:30:00+00:00,183.438,183.518,183.41899999999998,183.489,9839
2026-08-12T13:45:00+00:00,183.489,183.61499999999998,183.469,183.6,9207
2026-08-12T14:00:00+00:00,183.6,183.69199999999998,183.582,183.66799999999998,8532
2026-08-12T14:15:00+00:00,183.66799999999998,183.725,183.618,183.63899999999998,6912
2026-08-12T14:30:00+00:00,183.63899999999998,183.71699999999998,183.606,183.685,8638
2026-08-12T14:45:00+00:00,183.685,183.71699999999998,183.60399999999998,183.66799999999998,9415
2026-08-12T15:00:00+00:00,183.66799999999998,183.694,183.631,183.655,7394
2026-08-12T15:15:00+00:00,183.655,183.677,183.632,183.659,4990
2026-08-12T15:30:00+00:00,183.659,183.712,183.63299999999998,183.652,5689
2026-08-12T15:45:00+00:00,183.652,183.66199999999998,183.614,183.641,5953
2026-08-12T16:00:00+00:00,183.641,183.65699999999998,183.59699999999998,183.626,5146
2026-08-12T16:15:00+00:00,183.626,183.649,183.595,183.631,5308
2026-08-12T16:30:00+00:00,183.631,183.648,183.60899999999998,183.63899999999998,5247
2026-08-12T16:45:00+00:00,183.63899999999998,183.656,183.60399999999998,183.64,6209
2026-08-12T17:00:00+00:00,183.64,183.667,183.636,183.667,5279
2026-08-12T17:15:00+00:00,183.667,183.683,183.653,183.683,4889
2026-08-12T17:30:00+00:00,183.683,183.73399999999998,183.682,183.696,4619
2026-08-12T17:45:00+00:00,183.696,183.727,183.661,183.666,5604
2026-08-12T18:00:00+00:00,183.666,183.709,183.65699999999998,183.69899999999998,5156
2026-08-12T18:15:00+00:00,183.69899999999998,183.715,183.671,183.67999999999998,4622
2026-08-12T18:30:00+00:00,183.67999999999998,183.684,183.65099999999998,183.66799999999998,3342
2026-08-12T18:45:00+00:00,183.66799999999998,183.673,183.63400000000001,183.649,3900.694575350005
2026-08-12T19:00:00+00:00,183.649,183.67600000000002,183.639,183.672,3996
2026-08-12T19:15:00+00:00,183.672,183.674,183.65200000000002,183.656,4466
2026-08-12T19:30:00+00:00,183.656,183.67600000000002,183.636,183.675,3511
2026-08-12T19:45:00+00:00,183.675,183.678,183.608,183.668,5241
2026-08-12T20:00:00+00:00,183.668,183.69,183.64600000000002,183.678,2724
2026-08-12T20:15:00+00:00,183.678,183.683,183.627,183.638,1966
2026-08-12T20:30:00+00:00,183.638,183.649,183.60500000000002,183.624,2649
2026-08-12T20:45:00+00:00,183.624,183.64100000000002,183.601,183.601,5389
2026-08-12T21:00:00+00:00,183.601,183.618,183.55700000000002,183.56900000000002,187.16416042781978
2026-08-12T21:15:00+00:00,183.56900000000002,183.592,183.559,183.565,316
2026-08-12T21:30:00+00:00,183.565,183.591,183.556,183.57500000000002,645
2026-08-12T21:45:00+00:00,183.57500000000002,183.577,183.561,183.573,769
2026-08-12T22:00:00+00:00,183.573,183.66400000000002,183.573,183.64800000000002,753.3037920137891
2026-08-12T22:15:00+00:00,183.64800000000002,183.65500000000003,183.63500000000002,183.63700000000003,328
2026-08-12T22:30:00+00:00,183.63700000000003,183.64400000000003,183.61200000000002,183.61300000000003,498
2026-08-12T22:45:00+00:00,183.61300000000003,183.622,183.609,183.61400000000003,412
2026-08-12T23:00:00+00:00,183.61400000000003,183.616,183.59000000000003,183.60600000000002,745
2026-08-12T23:15:00+00:00,183.60600000000002,183.61,183.53900000000002,183.56400000000002,1115
2026-08-12T23:30:00+00:00,183.56400000000002,183.615,183.55800000000002,183.609,1037
2026-08-12T23:45:00+00:00,183.609,183.61400000000003,183.55900000000003,183.57800000000003,1486
2026-08-13T00:00:00+00:00,183.57800000000003,183.62900000000002,183.54700000000003,183.62900000000002,4808
2026-08-13T00:15:00+00:00,183.62900000000002,183.64300000000003,183.57200000000003,183.58900000000003,4128
2026-08-13T00:30:00+00:00,183.58900000000003,183.609,183.51800000000003,183.537,4789
2026-08-13T00:45:00+00:00,183.537,183.591,183.52200000000002,183.57500000000002,5900
2026-08-13T01:00:00+00:00,183.57500000000002,183.58300000000003,183.543,183.567,4349
2026-08-13T01:15:00+00:00,183.567,183.59400000000002,183.54800000000003,183.59400000000002,3630
2026-08-13T01:30:00+00:00,183.59400000000002,183.60200000000003,183.55200000000002,183.56300000000002,4173
2026-08-13T01:45:00+00:00,183.56300000000002,183.567,183.53300000000002,183.54700000000003,3975
2026-08-13T02:00:00+00:00,183.54700000000003,183.61100000000002,183.537,183.586,2417
2026-08-13T02:15:00+00:00,183.586,183.622,183.586,183.603,2555
2026-08-13T02:30:00+00:00,183.603,183.62600000000003,183.58700000000002,183.598,3028
2026-08-13T02:45:00+00:00,183.598,183.62000000000003,183.591,183.59500000000003,2117
2026-08-13T03:00:00+00:00,183.59500000000003,183.62800000000001,183.57600000000002,183.604,3221
2026-08-13T03:15:00+00:00,183.604,183.639,183.60100000000003,183.63700000000003,2271
2026-08-13T03:30:00+00:00,183.63700000000003,183.64800000000002,183.60500000000002,183.60700000000003,1931
2026-08-13T03:45:00+00:00,183.60700000000003,183.63400000000001,183.59600000000003,183.603,2265
2026-08-13T04:00:00+00:00,183.603,183.62400000000002,183.59500000000003,183.61700000000002,2151
2026-08-13T04:15:00+00:00,183.61700000000002,183.62800000000001,183.60500000000002,183.61,1528
2026-08-13T04:30:00+00:00,183.61,183.64200000000002,183.59000000000003,183.62600000000003,1582
2026-08-13T04:45:00+00:00,183.62600000000003,183.627,183.33200000000002,183.45000000000002,10195
2026-08-13T05:00:00+00:00,183.45000000000002,183.53000000000003,183.425,183.50100000000003,3908
2026-08-13T05:15:00+00:00,183.50100000000003,183.567,183.47000000000003,183.561,3786
2026-08-13T05:30:00+00:00,183.561,183.573,183.53100000000003,183.54000000000002,3669
2026-08-13T05:45:00+00:00,183.54000000000002,183.54800000000003,183.44500000000002,183.478,2708
2026-08-13T06:00:00+00:00,183.478,183.55200000000002,183.46300000000002,183.52400000000003,4426
2026-08-13T06:15:00+00:00,183.52400000000003,183.54200000000003,183.49,183.49500000000003,3768
2026-08-13T06:30:00+00:00,183.49500000000003,183.51300000000003,183.437,183.48600000000002,5052
2026-08-13T06:45:00+00:00,183.48600000000002,183.50500000000002,183.44100000000003,183.479,4032
2026-08-13T07:00:00+00:00,183.479,183.51700000000002,183.467,183.497,3928
2026-08-13T07:15:00+00:00,183.497,183.54200000000003,183.497,183.53600000000003,4203
2026-08-13T07:30:00+00:00,183.53600000000003,183.567,183.50300000000001,183.54200000000003,4428
2026-08-13T07:45:00+00:00,183.54200000000003,183.60000000000002,183.52500000000003,183.57700000000003,4734
2026-08-13T08:00:00+00:00,183.57700000000003,183.58900000000003,183.55200000000002,183.585,5116
2026-08-13T08:15:00+00:00,183.585,183.60200000000003,183.56000000000003,183.60100000000003,3487
2026-08-13T08:30:00+00:00,183.60100000000003,183.64200000000002,183.57500000000002,183.633,3841
2026-08-13T08:45:00+00:00,183.633,183.64700000000002,183.59500000000003,183.60000000000002,3058
2026-08-13T09:00:00+00:00,183.60000000000002,183.651,183.591,183.64000000000001,3552
2026-08-13T09:15:00+00:00,183.64000000000001,183.699,183.621,183.69000000000003,4167
2026-08-13T09:30:00+00:00,183.69000000000003,183.70200000000003,183.65900000000002,183.662,3377
2026-08-13T09:45:00+00:00,183.662,183.69400000000002,183.62400000000002,183.687,3439
2026-08-13T10:00:00+00:00,183.687,183.723,183.686,183.71,3518
2026-08-13T10:15:00+00:00,183.71,183.722,183.686,183.716,3344
2026-08-13T10:30:00+00:00,183.716,183.75000000000003,183.70800000000003,183.71300000000002,3319
2026-08-13T10:45:00+00:00,183.71300000000002,183.73000000000002,183.699,183.716,2975
2026-08-13T11:00:00+00:00,183.716,183.72400000000002,183.63400000000001,183.71,4112
2026-08-13T11:15:00+00:00,183.71,183.71,183.67000000000002,183.687,4937
2026-08-13T11:30:00+00:00,183.687,183.69100000000003,183.645,183.657,3509
2026-08-13T11:45:00+00:00,183.657,183.687,183.65400000000002,183.67600000000002,4146
2026-08-13T12:00:00+00:00,183.67600000000002,183.693,183.64900000000003,183.66400000000002,3797
2026-08-13T12:15:00+00:00,183.66400000000002,183.66500000000002,183.63600000000002,183.64200000000002,3274
2026-08-13T12:30:00+00:00,183.64200000000002,183.65400000000002,183.55400000000003,183.58900000000003,9316
2026-08-13T12:45:00+00:00,183.58900000000003,183.67000000000002,183.57800000000003,183.64800000000002,9300
2026-08-13T13:00:00+00:00,183.64800000000002,183.68300000000002,183.59400000000002,183.61700000000002,8457
2026-08-13T13:15:00+00:00,183.61700000000002,183.66700000000003,183.60500000000002,183.639,6194
2026-08-13T13:30:00+00:00,183.639,183.675,183.61800000000002,183.645,7123
2026-08-13T13:45:00+00:00,183.645,183.65000000000003,183.57100000000003,183.604,8966
2026-08-13T14:00:00+00:00,183.604,183.72600000000003,183.44500000000002,183.502,12201
2026-08-13T14:15:00+00:00,183.502,183.54500000000002,183.46900000000002,183.52700000000002,8777
2026-08-13T14:30:00+00:00,183.52700000000002,183.57800000000003,183.508,183.556,7175
2026-08-13T14:45:00+00:00,183.556,183.65300000000002,183.55200000000002,183.64100000000002,7603
2026-08-13T15:00:00+00:00,183.64100000000002,183.71,183.63500000000002,183.698,7507
2026-08-13T15:15:00+00:00,183.698,183.71400000000003,183.67300000000003,183.711,7745
2026-08-13T15:30:00+00:00,183.711,183.73300000000003,183.64900000000003,183.64900000000003,6794
2026-08-13T15:45:00+00:00,183.64900000000003,183.687,183.63600000000002,183.645,4301
2026-08-13T16:00:00+00:00,183.645,183.692,183.633,183.68800000000002,4789
2026-08-13T16:15:00+00:00,183.68800000000002,183.711,183.639,183.70900000000003,4998
2026-08-13T16:30:00+00:00,183.70900000000003,183.74500000000003,183.69600000000003,183.73700000000002,4327
2026-08-13T16:45:00+00:00,183.73700000000002,183.787,183.734,183.77500000000003,3735
2026-08-13T17:00:00+00:00,183.77500000000003,183.8,183.75400000000002,183.76100000000002,4066
2026-08-13T17:15:00+00:00,183.76100000000002,183.77900000000002,183.73800000000003,183.77100000000002,3002
2026-08-13T17:30:00+00:00,183.77100000000002,183.82200000000003,183.77100000000002,183.806,4497
2026-08-13T17:45:00+00:00,183.806,183.82000000000002,183.78400000000002,183.79100000000003,2974
2026-08-13T18:00:00+00:00,183.79100000000003,183.81500000000003,183.76300000000003,183.77900000000002,3121
2026-08-13T18:15:00+00:00,183.77900000000002,183.79100000000003,183.75900000000001,183.77,2803
2026-08-13T18:30:00+00:00,183.77,183.80300000000003,183.76800000000003,183.78400000000002,2807
2026-08-13T18:45:00+00:00,183.78400000000002,183.80200000000002,183.782,183.79600000000002,2148
2026-08-13T19:00:00+00:00,183.79600000000002,183.81500000000003,183.788,183.80800000000002,2305
2026-08-13T19:15:00+00:00,183.80800000000002,183.824,183.80200000000002,183.823,1499
2026-08-13T19:30:00+00:00,183.823,183.82500000000002,183.79100000000003,183.811,2534
2026-08-13T19:45:00+00:00,183.811,183.82000000000002,183.776,183.80300000000003,2705
2026-08-13T20:00:00+00:00,183.80300000000003,183.811,183.77400000000003,183.78500000000003,1453
2026-08-13T20:15:00+00:00,183.78500000000003,183.83100000000002,183.78300000000002,183.82800000000003,1245
2026-08-13T20:30:00+00:00,183.82800000000003,183.842,183.81400000000002,183.83200000000002,859
2026-08-13T20:45:00+00:00,183.83200000000002,183.835,183.741,183.746,2128
2026-08-13T21:00:00+00:00,183.746,183.76100000000002,183.69400000000002,183.72600000000003,223
2026-08-13T21:15:00+00:00,183.72600000000003,183.76900000000003,183.716,183.73300000000003,386
2026-08-13T21:30:00+00:00,183.73300000000003,183.805,183.73100000000002,183.79100000000003,2576
2026-08-13T21:45:00+00:00,183.79100000000003,183.80900000000003,183.74900000000002,183.75500000000002,600
2026-08-13T22:00:00+00:00,183.75500000000002,183.81500000000003,183.75500000000002,183.79200000000003,922
2026-08-13T22:15:00+00:00,183.79200000000003,183.835,183.788,183.835,651
2026-08-13T22:30:00+00:00,183.835,183.836,183.79700000000003,183.80400000000003,459
2026-08-13T22:45:00+00:00,183.80400000000003,183.81400000000002,183.77700000000002,183.78400000000002,764
2026-08-13T23:00:00+00:00,183.78400000000002,183.80200000000002,183.78400000000002,183.79500000000002,640
2026-08-13T23:15:00+00:00,183.79500000000002,183.81900000000002,183.79100000000003,183.812,579
2026-08-13T23:30:00+00:00,183.812,183.824,183.799,183.80800000000002,660
2026-08-13T23:45:00+00:00,183.80800000000002,183.812,183.77700000000002,183.782,826
2026-08-14T00:00:00+00:00,183.782,183.87300000000002,183.75100000000003,183.84400000000002,4286
2026-08-14T00:15:00+00:00,183.84400000000002,183.85100000000003,183.79600000000002,183.80400000000003,4286
2026-08-14T00:30:00+00:00,183.80400000000003,183.82600000000002,183.788,183.80800000000002,3270
2026-08-14T00:45:00+00:00,183.80800000000002,183.84300000000002,183.76600000000002,183.787,5191
2026-08-14T01:00:00+00:00,183.787,183.80700000000002,183.75300000000001,183.77500000000003,4235
2026-08-14T01:15:00+00:00,183.77500000000003,183.80300000000003,183.77,183.79700000000003,3993
2026-08-14T01:30:00+00:00,183.79700000000003,183.83400000000003,183.79200000000003,183.83200000000002,2999
2026-08-14T01:45:00+00:00,183.83200000000002,183.84500000000003,183.80300000000003,183.80300000000003,2477
2026-08-14T02:00:00+00:00,183.80300000000003,183.82600000000002,183.80300000000003,183.818,2349
2026-08-14T02:15:00+00:00,183.818,183.82200000000003,183.77900000000002,183.78300000000002,1753
2026-08-14T02:30:00+00:00,183.78300000000002,183.79700000000003,183.735,183.78500000000003,1862
2026-08-14T02:45:00+00:00,183.78500000000003,183.80700000000002,183.76600000000002,183.77400000000003,2264
2026-08-14T03:00:00+00:00,183.77400000000003,183.782,183.73000000000002,183.74200000000002,2223
2026-08-14T03:15:00+00:00,183.74200000000002,183.78400000000002,183.72700000000003,183.74800000000002,2629
2026-08-14T03:30:00+00:00,183.74800000000002,183.77700000000002,183.74800000000002,183.76500000000001,2124
2026-08-14T03:45:00+00:00,183.76500000000001,183.80700000000002,183.75500000000002,183.77800000000002,2186
2026-08-14T04:00:00+00:00,183.77800000000002,183.799,183.75900000000001,183.77700000000002,2507
2026-08-14T04:15:00+00:00,183.77700000000002,183.79200000000003,183.75100000000003,183.75700000000003,2117
2026-08-14T04:30:00+00:00,183.75700000000003,183.79000000000002,183.75300000000001,183.77,1837
2026-08-14T04:45:00+00:00,183.77,183.79500000000002,183.76900000000003,183.77200000000002,1304
2026-08-14T05:00:00+00:00,183.77200000000002,183.78100000000003,183.75100000000003,183.752,1697
2026-08-14T05:15:00+00:00,183.752,183.77100000000002,183.73000000000002,183.76700000000002,1791
2026-08-14T05:30:00+00:00,183.76700000000002,183.77900000000002,183.59400000000002,183.70900000000003,4400
2026-08-14T05:45:00+00:00,183.70900000000003,183.76600000000002,183.70100000000002,183.71400000000003,2684
2026-08-14T06:00:00+00:00,183.71400000000003,183.73600000000002,183.59000000000003,183.645,6751
2026-08-14T06:15:00+00:00,183.645,183.70800000000003,183.62900000000002,183.693,4888
2026-08-14T06:30:00+00:00,183.693,183.73200000000003,183.68,183.70900000000003,2904
2026-08-14T06:45:00+00:00,183.70900000000003,183.73900000000003,183.68,183.73300000000003,3362
2026-08-14T07:00:00+00:00,183.73300000000003,183.782,183.705,183.78000000000003,4359
2026-08-14T07:15:00+00:00,183.78000000000003,183.83100000000002,183.77800000000002,183.81600000000003,3957
2026-08-14T07:30:00+00:00,183.81600000000003,183.83100000000002,183.776,183.81400000000002,3929
2026-08-14T07:45:00+00:00,183.81400000000002,183.835,183.782,183.79600000000002,5046
2026-08-14T08:00:00+00:00,183.79600000000002,183.835,183.77700000000002,183.83100000000002,4149
2026-08-14T08:15:00+00:00,183.83100000000002,183.84400000000002,183.70900000000003,183.73100000000002,5078
2026-08-14T08:30:00+00:00,183.73100000000002,183.78100000000003,183.64300000000003,183.76300000000003,5473
2026-08-14T08:45:00+00:00,183.76300000000003,183.84000000000003,183.74,183.84000000000003,3696
2026-08-14T09:00:00+00:00,183.84000000000003,183.847,183.75700000000003,183.76700000000002,3114
2026-08-14T09:15:00+00:00,183.76700000000002,183.811,183.747,183.79800000000003,2888
2026-08-14T09:30:00+00:00,183.79800000000003,183.81400000000002,183.74,183.75000000000003,3107
2026-08-14T09:45:00+00:00,183.75000000000003,183.78600000000003,183.71,183.78000000000003,3723
2026-08-14T10:00:00+00:00,183.78000000000003,183.78600000000003,183.72000000000003,183.75300000000001,3244
2026-08-14T10:15:00+00:00,183.75300000000001,183.81500000000003,183.75300000000001,183.79000000000002,2938
2026-08-14T10:30:00+00:00,183.79000000000002,183.818,183.76500000000001,183.818,3044
2026-08-14T10:45:00+00:00,183.818,183.841,183.8,183.83900000000003,2960
2026-08-14T11:00:00+00:00,183.83900000000003,183.89100000000002,183.83700000000002,183.877,3425
2026-08-14T11:15:00+00:00,183.877,183.92300000000003,183.86,183.91100000000003,4773
2026-08-14T11:30:00+00:00,183.91100000000003,183.99900000000002,183.90200000000002,183.93400000000003,4825
2026-08-14T11:45:00+00:00,183.93400000000003,183.979,183.91400000000002,183.91500000000002,4439
2026-08-14T12:00:00+00:00,183.91500000000002,183.93300000000002,183.735,183.82600000000002,8150
2026-08-14T12:15:00+00:00,183.82600000000002,183.829,183.57500000000002,183.62400000000002,8543
2026-08-14T12:30:00+00:00,183.62400000000002,183.693,183.497,183.687,9052
2026-08-14T12:45:00+00:00,183.687,183.73000000000002,183.65300000000002,183.705,7802
2026-08-14T13:00:00+00:00,183.705,183.82700000000003,183.68200000000002,183.82700000000003,7012
2026-08-14T13:15:00+00:00,183.82700000000003,183.86800000000002,183.76800000000003,183.80700000000002,7178
2026-08-14T13:30:00+00:00,183.80700000000002,183.90900000000002,183.75000000000003,183.854,9770
2026-08-14T13:45:00+00:00,183.854,183.97700000000003,183.835,183.95800000000003,9829
2026-08-14T14:00:00+00:00,183.95800000000003,184.06000000000003,183.94600000000003,184.02300000000002,8548
2026-08-14T14:15:00+00:00,184.02300000000002,184.05200000000002,183.996,184.02300000000002,6606
2026-08-14T14:30:00+00:00,184.02300000000002,184.06000000000003,184.00100000000003,184.02300000000002,6440
2026-08-14T14:45:00+00:00,184.02300000000002,184.08900000000003,183.99,184.06400000000002,7550
2026-08-14T15:00:00+00:00,184.06400000000002,184.133,184.01900000000003,184.127,7416
2026-08-14T15:15:00+00:00,184.127,184.19100000000003,184.12600000000003,184.18200000000002,6080
2026-08-14T15:30:00+00:00,184.18200000000002,184.264,184.17800000000003,184.247,6259
2026-08-14T15:45:00+00:00,184.247,184.30200000000002,184.23800000000003,184.27400000000003,4989
2026-08-14T16:00:00+00:00,184.27400000000003,184.35200000000003,184.26600000000002,184.288,5092
2026-08-14T16:15:00+00:00,184.288,184.347,184.27900000000002,184.33,4035
2026-08-14T16:30:00+00:00,184.33,184.34300000000002,184.288,184.31400000000002,3940
2026-08-14T16:45:00+00:00,184.31400000000002,184.32200000000003,184.288,184.30200000000002,3244
2026-08-14T17:00:00+00:00,184.30200000000002,184.31000000000003,184.241,184.25700000000003,3530
2026-08-14T17:15:00+00:00,184.25700000000003,184.26200000000003,184.205,184.20700000000002,3565
2026-08-14T17:30:00+00:00,184.20700000000002,184.229,184.192,184.198,2706
2026-08-14T17:45:00+00:00,184.198,184.20200000000003,184.17900000000003,184.198,2305
2026-08-14T18:00:00+00:00,184.198,184.21200000000002,184.17700000000002,184.205,2750
2026-08-14T18:15:00+00:00,184.205,184.23200000000003,184.18900000000002,184.23100000000002,2362
2026-08-14T18:30:00+00:00,184.23100000000002,184.23900000000003,184.216,184.22000000000003,1553
2026-08-14T18:45:00+00:00,184.22000000000003,184.25400000000002,184.211,184.229,1524
2026-08-14T19:00:00+00:00,184.229,184.26800000000003,184.217,184.258,2160
2026-08-14T19:15:00+00:00,184.258,184.27400000000003,184.24500000000003,184.26300000000003,1896
2026-08-14T19:30:00+00:00,184.26300000000003,184.27800000000002,184.22700000000003,184.24900000000002,2451
2026-08-14T19:45:00+00:00,184.24900000000002,184.28300000000002,184.223,184.25300000000001,2526
2026-08-14T20:00:00+00:00,184.25300000000001,184.26000000000002,184.22400000000002,184.247,1938
2026-08-14T20:15:00+00:00,184.247,184.24900000000002,184.211,184.22100000000003,1186
2026-08-14T20:30:00+00:00,184.22100000000003,184.247,184.20300000000003,184.20600000000002,1003
2026-08-14T20:45:00+00:00,184.20600000000002,184.23000000000002,184.18400000000003,184.22400000000002,1229
2026-08-16T21:00:00+00:00,184.22400000000002,184.25000000000003,184.19800000000004,184.24800000000002,87.32170242822649
2026-08-16T21:15:00+00:00,184.24800000000002,184.29400000000004,184.22800000000004,184.28100000000003,614
2026-08-16T21:30:00+00:00,184.28100000000003,184.31300000000002,184.27200000000002,184.27200000000002,485
2026-08-16T21:45:00+00:00,184.27200000000002,184.27600000000004,184.23900000000003,184.25800000000004,431
2026-08-16T22:00:00+00:00,184.25800000000004,184.41600000000003,184.25500000000002,184.40100000000004,1757
2026-08-16T22:15:00+00:00,184.40100000000004,184.40900000000002,184.35200000000003,184.35600000000002,819
2026-08-16T22:30:00+00:00,184.35600000000002,184.36300000000003,184.29300000000003,184.33300000000003,1477
2026-08-16T22:45:00+00:00,184.33300000000003,184.33300000000003,184.25000000000003,184.25200000000004,1729
2026-08-16T23:00:00+00:00,184.25200000000004,184.31600000000003,184.24200000000002,184.30800000000002,1350
2026-08-16T23:15:00+00:00,184.30800000000002,184.348,184.30200000000002,184.31700000000004,942
2026-08-16T23:30:00+00:00,184.31700000000004,184.32900000000004,184.27900000000002,184.29400000000004,1461
2026-08-16T23:45:00+00:00,184.29400000000004,184.34700000000004,184.29200000000003,184.32900000000004,1942
2026-08-17T00:00:00+00:00,184.32900000000004,184.36700000000005,184.29100000000003,184.33200000000002,4980
2026-08-17T00:15:00+00:00,184.33200000000002,184.33200000000002,184.20400000000004,184.26700000000002,4605
2026-08-17T00:30:00+00:00,184.26700000000002,184.26900000000003,184.20900000000003,184.24100000000004,4498
2026-08-17T00:45:00+00:00,184.24100000000004,184.26600000000005,184.16900000000004,184.18800000000005,6719
2026-08-17T01:00:00+00:00,184.18800000000005,184.24200000000005,184.16000000000003,184.21000000000004,4943
2026-08-17T01:15:00+00:00,184.21000000000004,184.25300000000004,184.19200000000004,184.23600000000005,4716
2026-08-17T01:30:00+00:00,184.23600000000005,184.31100000000004,184.21400000000003,184.31000000000003,4513
2026-08-17T01:45:00+00:00,184.31000000000003,184.31800000000004,184.27500000000003,184.29100000000003,3874
2026-08-17T02:00:00+00:00,184.29100000000003,184.30600000000004,184.24400000000003,184.25100000000003,3792
2026-08-17T02:15:00+00:00,184.25100000000003,184.25700000000003,184.17300000000003,184.22900000000004,5140
2026-08-17T02:30:00+00:00,184.22900000000004,184.24900000000002,184.19900000000004,184.22600000000003,4065
2026-08-17T02:45:00+00:00,184.22600000000003,184.23000000000005,184.19200000000004,184.20700000000002,3325
2026-08-17T03:00:00+00:00,184.20700000000002,184.25700000000003,184.20700000000002,184.24000000000004,3611
2026-08-17T03:15:00+00:00,184.24000000000004,184.27400000000003,184.23500000000004,184.26700000000002,3336
2026-08-17T03:30:00+00:00,184.26700000000002,184.31800000000004,184.26300000000003,184.31500000000003,3092
2026-08-17T03:45:00+00:00,184.31500000000003,184.33900000000003,184.31100000000004,184.33000000000004,3638
2026-08-17T04:00:00+00:00,184.33000000000004,184.36300000000003,184.31700000000004,184.35700000000003,4357
2026-08-17T04:15:00+00:00,184.35700000000003,184.39200000000002,184.34500000000003,184.38900000000004,3198
2026-08-17T04:30:00+00:00,184.38900000000004,184.39400000000003,184.32600000000002,184.33900000000003,2770
2026-08-17T04:45:00+00:00,184.33900000000003,184.38500000000005,184.33100000000005,184.38000000000002,2531
2026-08-17T05:00:00+00:00,184.38000000000002,184.38600000000002,184.34600000000003,184.34900000000005,2599
2026-08-17T05:15:00+00:00,184.34900000000005,184.36600000000004,184.31100000000004,184.33200000000002,4283
2026-08-17T05:30:00+00:00,184.33200000000002,184.35200000000003,184.24800000000005,184.30800000000002,5329
2026-08-17T05:45:00+00:00,184.30800000000002,184.38500000000005,184.30800000000002,184.37600000000003,5003
2026-08-17T06:00:00+00:00,184.37600000000003,184.38900000000004,184.31900000000005,184.35300000000004,5001
2026-08-17T06:15:00+00:00,184.35300000000004,184.38900000000004,184.32600000000002,184.38800000000003,4717
2026-08-17T06:30:00+00:00,184.38800000000003,184.39100000000005,184.33900000000003,184.37100000000004,4170
2026-08-17T06:45:00+00:00,184.37100000000004,184.40300000000005,184.34200000000004,184.37000000000003,5702
2026-08-17T07:00:00+00:00,184.37000000000003,184.40300000000005,184.29700000000003,184.34700000000004,6365
2026-08-17T07:15:00+00:00,184.34700000000004,184.49200000000005,184.31500000000003,184.45900000000003,6011
2026-08-17T07:30:00+00:00,184.45900000000003,184.52800000000005,184.45900000000003,184.48600000000005,7478
2026-08-17T07:45:00+00:00,184.48600000000005,184.57600000000002,184.47800000000004,184.53000000000003,5575
2026-08-17T08:00:00+00:00,184.53000000000003,184.57300000000004,184.51500000000004,184.53800000000004,5388
2026-08-17T08:15:00+00:00,184.53800000000004,184.66700000000003,184.53800000000004,184.63800000000003,4788
2026-08-17T08:30:00+00:00,184.63800000000003,184.67800000000003,184.58400000000003,184.66000000000003,6040
2026-08-17T08:45:00+00:00,184.66000000000003,184.67800000000003,184.55400000000003,184.61000000000004,7006
2026-08-17T09:00:00+00:00,184.61000000000004,184.67000000000004,184.57400000000004,184.57700000000003,5599
2026-08-17T09:15:00+00:00,184.57700000000003,184.66300000000004,184.56300000000005,184.65500000000003,3244
2026-08-17T09:30:00+00:00,184.65500000000003,184.67600000000004,184.60800000000003,184.61900000000003,2720
2026-08-17T09:45:00+00:00,184.61900000000003,184.66900000000004,184.61000000000004,184.63100000000003,2978
2026-08-17T10:00:00+00:00,184.63100000000003,184.63600000000002,184.58700000000005,184.60500000000005,4686
2026-08-17T10:15:00+00:00,184.60500000000005,184.62800000000004,184.56300000000005,184.57500000000005,5084
2026-08-17T10:30:00+00:00,184.57500000000005,184.59600000000003,184.51000000000005,184.53800000000004,5415
2026-08-17T10:45:00+00:00,184.53800000000004,184.57800000000003,184.52800000000005,184.55000000000004,3654
2026-08-17T11:00:00+00:00,184.55000000000004,184.60000000000002,184.52500000000003,184.55900000000003,3850
2026-08-17T11:15:00+00:00,184.55900000000003,184.60400000000004,184.54800000000003,184.60400000000004,4069
2026-08-17T11:30:00+00:00,184.60400000000004,184.61800000000002,184.58100000000005,184.60100000000003,3885
2026-08-17T11:45:00+00:00,184.60100000000003,184.64700000000005,184.58200000000002,184.63900000000004,3950
2026-08-17T12:00:00+00:00,184.63900000000004,184.66000000000003,184.61700000000005,184.63500000000005,4707
2026-08-17T12:15:00+00:00,184.63500000000005,184.67800000000003,184.59900000000005,184.64200000000002,5368
2026-08-17T12:30:00+00:00,184.64200000000002,184.70000000000005,184.61600000000004,184.69800000000004,4444
2026-08-17T12:45:00+00:00,184.69800000000004,184.73400000000004,184.65700000000004,184.72800000000004,5069
2026-08-17T13:00:00+00:00,184.72800000000004,184.77100000000004,184.69800000000004,184.72300000000004,6434
2026-08-17T13:15:00+00:00,184.72300000000004,184.75900000000004,184.70400000000004,184.73900000000003,5486
2026-08-17T13:30:00+00:00,184.73900000000003,184.80900000000003,184.73500000000004,184.73900000000003,6511
2026-08-17T13:45:00+00:00,184.73900000000003,184.76800000000003,184.69800000000004,184.70100000000002,5474
2026-08-17T14:00:00+00:00,184.70100000000002,184.73000000000005,184.67300000000003,184.71200000000005,6645
2026-08-17T14:15:00+00:00,184.71200000000005,184.71700000000004,184.63900000000004,184.65700000000004,7534
2026-08-17T14:30:00+00:00,184.65700000000004,184.65800000000004,184.57200000000003,184.58900000000003,5583
2026-08-17T14:45:00+00:00,184.58900000000003,184.63200000000003,184.57100000000003,184.60700000000003,7666
2026-08-17T15:00:00+00:00,184.60700000000003,184.63100000000003,184.57900000000004,184.61400000000003,6935
2026-08-17T15:15:00+00:00,184.61400000000003,184.65300000000005,184.59500000000003,184.64100000000005,4930
2026-08-17T15:30:00+00:00,184.64100000000005,184.66800000000003,184.62300000000005,184.65500000000003,5606
2026-08-17T15:45:00+00:00,184.65500000000003,184.73300000000003,184.65100000000004,184.72300000000004,5742
2026-08-17T16:00:00+00:00,184.72300000000004,184.73400000000004,184.69000000000003,184.70100000000002,5025
2026-08-17T16:15:00+00:00,184.70100000000002,184.74200000000005,184.70100000000002,184.72400000000005,4806
2026-08-17T16:30:00+00:00,184.72400000000005,184.76700000000002,184.71800000000005,184.75300000000004,3729
2026-08-17T16:45:00+00:00,184.75300000000004,184.75500000000002,184.70600000000005,184.72000000000003,3288
2026-08-17T17:00:00+00:00,184.72000000000003,184.73300000000003,184.68900000000002,184.69300000000004,3171
2026-08-17T17:15:00+00:00,184.69300000000004,184.73800000000003,184.68700000000004,184.72900000000004,5653
2026-08-17T17:30:00+00:00,184.72900000000004,184.76400000000004,184.67900000000003,184.69700000000003,5613
2026-08-17T17:45:00+00:00,184.69700000000003,184.71600000000004,184.67700000000002,184.68800000000005,4376
2026-08-17T18:00:00+00:00,184.68800000000005,184.71600000000004,184.68200000000004,184.69300000000004,4780
2026-08-17T18:15:00+00:00,184.69300000000004,184.74800000000005,184.69300000000004,184.73300000000003,4769
2026-08-17T18:30:00+00:00,184.73300000000003,184.74000000000004,184.67600000000004,184.69200000000004,5027
2026-08-17T18:45:00+00:00,184.69200000000004,184.73600000000005,184.68600000000004,184.73200000000003,4227
2026-08-17T19:00:00+00:00,184.73200000000003,184.74100000000004,184.68200000000004,184.69800000000004,4049
2026-08-17T19:15:00+00:00,184.69800000000004,184.71100000000004,184.64800000000002,184.65400000000002,3383
2026-08-17T19:30:00+00:00,184.65400000000002,184.67000000000004,184.62200000000004,184.67000000000004,3389
2026-08-17T19:45:00+00:00,184.67000000000004,184.68500000000003,184.65500000000003,184.67900000000003,2957
2026-08-17T20:00:00+00:00,184.67900000000003,184.71900000000002,184.67400000000004,184.70900000000003,1655
2026-08-17T20:15:00+00:00,184.70900000000003,184.71300000000002,184.67500000000004,184.68300000000002,1282
2026-08-17T20:30:00+00:00,184.68300000000002,184.70000000000005,184.67500000000004,184.68900000000002,2352
2026-08-17T20:45:00+00:00,184.68900000000002,184.70600000000005,184.66200000000003,184.66700000000003,11565
2026-08-17T21:00:00+00:00,184.66700000000003,184.72200000000004,184.65200000000004,184.67200000000003,150.06215063313672
2026-08-17T21:15:00+00:00,184.67200000000003,184.67500000000004,184.52800000000002,184.60700000000003,357
2026-08-17T21:30:00+00:00,184.60700000000003,184.69100000000003,184.60700000000003,184.68900000000002,542
2026-08-17T21:45:00+00:00,184.68900000000002,184.69500000000002,184.61100000000002,184.64700000000002,469
2026-08-17T22:00:00+00:00,184.64700000000002,184.747,184.64700000000002,184.73700000000002,717
2026-08-17T22:15:00+00:00,184.73700000000002,184.74000000000004,184.67800000000003,184.69800000000004,870
2026-08-17T22:30:00+00:00,184.69800000000004,184.69900000000004,184.67600000000002,184.68400000000003,649
2026-08-17T22:45:00+00:00,184.68400000000003,184.68800000000002,184.66600000000003,184.66600000000003,403
2026-08-17T23:00:00+00:00,184.66600000000003,184.67400000000004,184.63000000000002,184.65600000000003,842
2026-08-17T23:15:00+00:00,184.65600000000003,184.65900000000002,184.64400000000003,184.65200000000002,822
2026-08-17T23:30:00+00:00,184.65200000000002,184.65400000000002,184.62000000000003,184.62900000000002,1092
2026-08-17T23:45:00+00:00,184.62900000000002,184.65700000000004,184.61800000000002,184.63700000000003,1386
2026-08-18T00:00:00+00:00,184.63700000000003,184.70100000000002,184.63100000000003,184.68600000000004,3672
2026-08-18T00:15:00+00:00,184.68600000000004,184.72500000000002,184.67800000000003,184.70200000000003,4419
2026-08-18T00:30:00+00:00,184.70200000000003,184.80000000000004,184.70100000000002,184.79800000000003,4023
2026-08-18T00:45:00+00:00,184.79800000000003,184.81800000000004,184.73400000000004,184.74900000000002,5421
2026-08-18T01:00:00+00:00,184.74900000000002,184.80800000000002,184.74800000000002,184.76800000000003,4830
2026-08-18T01:15:00+00:00,184.76800000000003,184.78100000000003,184.73700000000002,184.75800000000004,4635
2026-08-18T01:30:00+00:00,184.75800000000004,184.78600000000003,184.72100000000003,184.72700000000003,3156
2026-08-18T01:45:00+00:00,184.72700000000003,184.79100000000003,184.71800000000002,184.78900000000002,3763
2026-08-18T02:00:00+00:00,184.78900000000002,184.81500000000003,184.76100000000002,184.76500000000001,4565
2026-08-18T02:15:00+00:00,184.76500000000001,184.76500000000001,184.69700000000003,184.72400000000002,3631
2026-08-18T02:30:00+00:00,184.72400000000002,184.74200000000002,184.70000000000002,184.741,3325
2026-08-18T02:45:00+00:00,184.741,184.76400000000004,184.73400000000004,184.74500000000003,3385
2026-08-18T03:00:00+00:00,184.74500000000003,184.76300000000003,184.735,184.73600000000002,2876
2026-08-18T03:15:00+00:00,184.73600000000002,184.741,184.69900000000004,184.741,2843
2026-08-18T03:30:00+00:00,184.741,184.75200000000004,184.70000000000002,184.74400000000003,3440
2026-08-18T03:45:00+00:00,184.74400000000003,184.74600000000004,184.71400000000003,184.74200000000002,3261
2026-08-18T04:00:00+00:00,184.74200000000002,184.86100000000002,184.73800000000003,184.83300000000003,4475
2026-08-18T04:15:00+00:00,184.83300000000003,184.90200000000002,184.82900000000004,184.89600000000002,3945
2026-08-18T04:30:00+00:00,184.89600000000002,184.94000000000003,184.89200000000002,184.90100000000004,2720
2026-08-18T04:45:00+00:00,184.90100000000004,184.94000000000003,184.87100000000004,184.88000000000002,2468
2026-08-18T05:00:00+00:00,184.88000000000002,184.88900000000004,184.83700000000002,184.88800000000003,3095
2026-08-18T05:15:00+00:00,184.88800000000003,184.89300000000003,184.85100000000003,184.87300000000002,3062
2026-08-18T05:30:00+00:00,184.87300000000002,184.88200000000003,184.86100000000002,184.87300000000002,2592
2026-08-18T05:45:00+00:00,184.87300000000002,184.88800000000003,184.81700000000004,184.86800000000002,2929
2026-08-18T06:00:00+00:00,184.86800000000002,184.87900000000002,184.81700000000004,184.84500000000003,5408
2026-08-18T06:15:00+00:00,184.84500000000003,184.94900000000004,184.83900000000003,184.92800000000003,3622
2026-08-18T06:30:00+00:00,184.92800000000003,184.93400000000003,184.88000000000002,184.92600000000002,4756
2026-08-18T06:45:00+00:00,184.92600000000002,184.93900000000002,184.89100000000002,184.91400000000002,4090
2026-08-18T07:00:00+00:00,184.91400000000002,184.95000000000002,184.90700000000004,184.92700000000002,4953
2026-08-18T07:15:00+00:00,184.92700000000002,184.98200000000003,184.91100000000003,184.97100000000003,4631
2026-08-18T07:30:00+00:00,184.97100000000003,184.99800000000002,184.96200000000002,184.96500000000003,4289
2026-08-18T07:45:00+00:00,184.96500000000003,184.98000000000002,184.93400000000003,184.94900000000004,3717
2026-08-18T08:00:00+00:00,184.94900000000004,184.95200000000003,184.87800000000001,184.91500000000002,4642
2026-08-18T08:15:00+00:00,184.91500000000002,184.92300000000003,184.88300000000004,184.92200000000003,3312
2026-08-18T08:30:00+00:00,184.92200000000003,184.93900000000002,184.87600000000003,184.87800000000001,3497
2026-08-18T08:45:00+00:00,184.87800000000001,184.93000000000004,184.87100000000004,184.92800000000003,3025
2026-08-18T09:00:00+00:00,184.92800000000003,184.93300000000002,184.88900000000004,184.89000000000001,3003
2026-08-18T09:15:00+00:00,184.89000000000001,184.89500000000004,184.85900000000004,184.87800000000001,3412
2026-08-18T09:30:00+00:00,184.87800000000001,184.89700000000002,184.842,184.86500000000004,3647
2026-08-18T09:45:00+00:00,184.86500000000004,184.90500000000003,184.86200000000002,184.90300000000002,3714
2026-08-18T10:00:00+00:00,184.90300000000002,184.91500000000002,184.86100000000002,184.90500000000003,3880
2026-08-18T10:15:00+00:00,184.90500000000003,184.94500000000002,184.89900000000003,184.93700000000004,3072
2026-08-18T10:30:00+00:00,184.93700000000004,184.94000000000003,184.88600000000002,184.91900000000004,2859
2026-08-18T10:45:00+00:00,184.91900000000004,184.967,184.91800000000003,184.96400000000003,3472
2026-08-18T11:00:00+00:00,184.96400000000003,184.98800000000003,184.95700000000002,184.95700000000002,3005
2026-08-18T11:15:00+00:00,184.95700000000002,184.985,184.94600000000003,184.95400000000004,2531
2026-08-18T11:30:00+00:00,184.95400000000004,184.98000000000002,184.93900000000002,184.95300000000003,3247
2026-08-18T11:45:00+00:00,184.95300000000003,184.96900000000002,184.92800000000003,184.96400000000003,2821
2026-08-18T12:00:00+00:00,184.96400000000003,184.97500000000002,184.93500000000003,184.94600000000003,4043
2026-08-18T12:15:00+00:00,184.94600000000003,184.94900000000004,184.88800000000003,184.89100000000002,4117
2026-08-18T12:30:00+00:00,184.89100000000002,184.93800000000002,184.87600000000003,184.91500000000002,4637
2026-08-18T12:45:00+00:00,184.91500000000002,184.94800000000004,184.89100000000002,184.89600000000002,3702
2026-08-18T13:00:00+00:00,184.89600000000002,184.93600000000004,184.88700000000003,184.91700000000003,4499
2026-08-18T13:15:00+00:00,184.91700000000003,184.93200000000002,184.89000000000001,184.90000000000003,4204
2026-08-18T13:30:00+00:00,184.90000000000003,184.95600000000002,184.87900000000002,184.93500000000003,8068
2026-08-18T13:45:00+00:00,184.93500000000003,184.93600000000004,184.87500000000003,184.88900000000004,5724
2026-08-18T14:00:00+00:00,184.88900000000004,184.91700000000003,184.79500000000002,184.88300000000004,6696
2026-08-18T14:15:00+00:00,184.88300000000004,184.91900000000004,184.83400000000003,184.84700000000004,6071
2026-08-18T14:30:00+00:00,184.84700000000004,184.89000000000001,184.82800000000003,184.88200000000003,5699
2026-08-18T14:45:00+00:00,184.88200000000003,184.94400000000002,184.83200000000002,184.86900000000003,9553
2026-08-18T15:00:00+00:00,184.86900000000003,184.90300000000002,184.80400000000003,184.87400000000002,8866
2026-08-18T15:15:00+00:00,184.87400000000002,184.90400000000002,184.85300000000004,184.89200000000002,5511
2026-08-18T15:30:00+00:00,184.89200000000002,184.91000000000003,184.87700000000004,184.88900000000004,4465
2026-08-18T15:45:00+00:00,184.88900000000004,184.89200000000002,184.85300000000004,184.88500000000002,3455
2026-08-18T16:00:00+00:00,184.88500000000002,184.92800000000003,184.872,184.91600000000003,4227
2026-08-18T16:15:00+00:00,184.91600000000003,184.94400000000002,184.91600000000003,184.92100000000002,3962
2026-08-18T16:30:00+00:00,184.92100000000002,184.93400000000003,184.90600000000003,184.91200000000003,3328
2026-08-18T16:45:00+00:00,184.91200000000003,184.92000000000002,184.86800000000002,184.87000000000003,2980
2026-08-18T17:00:00+00:00,184.87000000000003,184.87500000000003,184.83200000000002,184.84400000000002,3294
2026-08-18T17:15:00+00:00,184.84400000000002,184.86900000000003,184.84000000000003,184.85800000000003,3771
2026-08-18T17:30:00+00:00,184.85800000000003,184.866,184.83700000000002,184.86100000000002,3509
2026-08-18T17:45:00+00:00,184.86100000000002,184.86700000000002,184.848,184.85300000000004,2242
2026-08-18T18:00:00+00:00,184.85300000000004,184.85500000000002,184.82700000000003,184.854,3016
2026-08-18T18:15:00+00:00,184.854,184.86200000000002,184.83300000000003,184.84900000000002,3165
2026-08-18T18:30:00+00:00,184.84900000000002,184.86500000000004,184.84400000000002,184.84600000000003,2181
2026-08-18T18:45:00+00:00,184.84600000000003,184.854,184.82900000000004,184.84100000000004,2311
2026-08-18T19:00:00+00:00,184.84100000000004,184.85800000000003,184.82100000000003,184.84600000000003,3665
2026-08-18T19:15:00+00:00,184.84600000000003,184.86900000000003,184.83600000000004,184.86300000000003,2776
2026-08-18T19:30:00+00:00,184.86300000000003,184.90900000000002,184.86,184.89300000000003,3391
2026-08-18T19:45:00+00:00,184.89300000000003,184.89900000000003,184.86500000000004,184.872,3838
2026-08-18T20:00:00+00:00,184.872,184.88000000000002,184.848,184.85500000000002,1748
2026-08-18T20:15:00+00:00,184.85500000000002,184.86200000000002,184.84100000000004,184.85700000000003,1279
2026-08-18T20:30:00+00:00,184.85700000000003,184.88200000000003,184.85600000000002,184.872,1487
2026-08-18T20:45:00+00:00,184.872,184.87800000000001,184.82200000000003,184.82600000000002,2770
2026-08-18T21:00:00+00:00,184.82600000000002,184.87100000000004,184.75900000000001,184.87100000000004,157.70965468639886
2026-08-18T21:15:00+00:00,184.87100000000004,184.89400000000003,184.87100000000004,184.88200000000003,1278.628671907323
2026-08-18T21:30:00+00:00,184.88200000000003,184.89000000000001,184.78700000000003,184.78800000000004,868
2026-08-18T21:45:00+00:00,184.78800000000004,184.80600000000004,184.76700000000002,184.79400000000004,878
2026-08-18T22:00:00+00:00,184.79400000000004,184.87000000000003,184.78300000000002,184.86800000000002,985
2026-08-18T22:15:00+00:00,184.86800000000002,184.87100000000004,184.848,184.85700000000003,999
2026-08-18T22:30:00+00:00,184.85700000000003,184.86500000000004,184.82500000000002,184.83400000000003,655
2026-08-18T22:45:00+00:00,184.83400000000003,184.848,184.82900000000004,184.83000000000004,516
2026-08-18T23:00:00+00:00,184.83000000000004,184.84100000000004,184.79300000000003,184.80500000000004,1099
2026-08-18T23:15:00+00:00,184.80500000000004,184.81700000000004,184.79600000000002,184.80100000000002,1041
2026-08-18T23:30:00+00:00,184.80100000000002,184.81300000000002,184.77900000000002,184.80800000000002,1642
2026-08-18T23:45:00+00:00,184.80800000000002,184.81600000000003,184.76100000000002,184.78800000000004,1755
2026-08-19T00:00:00+00:00,184.78800000000004,184.78800000000004,184.72500000000002,184.73800000000003,6980
2026-08-19T00:15:00+00:00,184.73800000000003,184.77700000000002,184.73100000000002,184.77400000000003,4454
2026-08-19T00:30:00+00:00,184.77400000000003,184.77500000000003,184.67300000000003,184.68400000000003,3786
2026-08-19T00:45:00+00:00,184.68400000000003,184.70000000000002,184.63200000000003,184.65300000000002,6405
2026-08-19T01:00:00+00:00,184.65300000000002,184.69100000000003,184.63800000000003,184.66800000000003,6143
2026-08-19T01:15:00+00:00,184.66800000000003,184.70600000000002,184.64500000000004,184.68900000000002,5701
2026-08-19T01:30:00+00:00,184.68900000000002,184.71000000000004,184.67000000000002,184.69800000000004,4228
2026-08-19T01:45:00+00:00,184.69800000000004,184.717,184.67700000000002,184.68800000000002,2904
2026-08-19T02:00:00+00:00,184.68800000000002,184.71500000000003,184.65500000000003,184.66200000000003,3334
2026-08-19T02:15:00+00:00,184.66200000000003,184.69900000000004,184.63200000000003,184.67000000000002,6277
2026-08-19T02:30:00+00:00,184.67000000000002,184.70200000000003,184.61900000000003,184.65600000000003,3852
2026-08-19T02:45:00+00:00,184.65600000000003,184.68100000000004,184.64000000000001,184.66700000000003,4678
2026-08-19T03:00:00+00:00,184.66700000000003,184.73400000000004,184.66700000000003,184.729,4189
2026-08-19T03:15:00+00:00,184.729,184.73200000000003,184.70300000000003,184.72100000000003,2861
2026-08-19T03:30:00+00:00,184.72100000000003,184.75800000000004,184.71100000000004,184.73000000000002,3156
2026-08-19T03:45:00+00:00,184.73000000000002,184.75200000000004,184.71800000000002,184.72200000000004,2596
2026-08-19T04:00:00+00:00,184.72200000000004,184.72800000000004,184.70100000000002,184.72000000000003,2127
2026-08-19T04:15:00+00:00,184.72000000000003,184.723,184.66400000000002,184.67100000000002,3080
2026-08-19T04:30:00+00:00,184.67100000000002,184.69100000000003,184.57900000000004,184.68500000000003,4835
2026-08-19T04:45:00+00:00,184.68500000000003,184.69300000000004,184.62800000000001,184.68500000000003,3915
2026-08-19T05:00:00+00:00,184.68500000000003,184.68800000000002,184.63500000000002,184.66400000000002,3357
2026-08-19T05:15:00+00:00,184.66400000000002,184.66900000000004,184.604,184.63300000000004,3763
2026-08-19T05:30:00+00:00,184.63300000000004,184.63500000000002,184.55700000000002,184.62300000000002,4158
2026-08-19T05:45:00+00:00,184.62300000000002,184.717,184.60000000000002,184.68600000000004,3954
2026-08-19T06:00:00+00:00,184.68600000000004,184.69600000000003,184.62500000000003,184.64700000000002,4628
2026-08-19T06:15:00+00:00,184.64700000000002,184.71500000000003,184.62700000000004,184.67400000000004,5976
2026-08-19T06:30:00+00:00,184.67400000000004,184.70400000000004,184.59300000000002,184.70400000000004,5383
2026-08-19T06:45:00+00:00,184.70400000000004,184.77000000000004,184.68600000000004,184.72700000000003,5733
2026-08-19T07:00:00+00:00,184.72700000000003,184.74500000000003,184.63100000000003,184.68100000000004,5515
2026-08-19T07:15:00+00:00,184.68100000000004,184.72200000000004,184.63300000000004,184.67700000000002,4691
2026-08-19T07:30:00+00:00,184.67700000000002,184.69300000000004,184.60300000000004,184.63700000000003,4833
2026-08-19T07:45:00+00:00,184.63700000000003,184.67700000000002,184.61900000000003,184.65500000000003,5072
2026-08-19T08:00:00+00:00,184.65500000000003,184.72400000000002,184.63400000000004,184.69300000000004,6693
2026-08-19T08:15:00+00:00,184.69300000000004,184.69400000000005,184.59400000000002,184.60500000000002,5822
2026-08-19T08:30:00+00:00,184.60500000000002,184.65400000000002,184.57700000000003,184.63200000000003,4846
2026-08-19T08:45:00+00:00,184.63200000000003,184.69800000000004,184.62700000000004,184.67900000000003,4834
2026-08-19T09:00:00+00:00,184.67900000000003,184.77700000000004,184.67900000000003,184.77600000000004,5060
2026-08-19T09:15:00+00:00,184.77600000000004,184.80700000000004,184.74700000000004,184.79600000000002,4964
2026-08-19T09:30:00+00:00,184.79600000000002,184.79600000000002,184.70600000000002,184.74500000000003,5011
2026-08-19T09:45:00+00:00,184.74500000000003,184.76100000000002,184.71300000000002,184.72500000000002,4914
2026-08-19T10:00:00+00:00,184.72500000000002,184.75200000000004,184.68300000000002,184.72700000000003,4313
2026-08-19T10:15:00+00:00,184.72700000000003,184.75500000000002,184.69500000000002,184.75100000000003,4460
2026-08-19T10:30:00+00:00,184.75100000000003,184.78800000000004,184.72000000000003,184.76400000000004,3631
2026-08-19T10:45:00+00:00,184.76400000000004,184.77000000000004,184.71500000000003,184.73500000000004,4065
2026-08-19T11:00:00+00:00,184.73500000000004,184.76800000000003,184.72600000000003,184.75200000000004,4752
2026-08-19T11:15:00+00:00,184.75200000000004,184.75900000000004,184.70800000000003,184.72400000000002,4272
2026-08-19T11:30:00+00:00,184.72400000000002,184.74000000000004,184.70600000000002,184.71700000000004,4831
2026-08-19T11:45:00+00:00,184.71700000000004,184.74000000000004,184.69800000000004,184.72600000000003,4903
2026-08-19T12:00:00+00:00,184.72600000000003,184.74000000000004,184.68300000000002,184.73400000000004,3962
2026-08-19T12:15:00+00:00,184.73400000000004,184.73700000000002,184.58900000000003,184.66400000000004,6106
2026-08-19T12:30:00+00:00,184.66400000000004,184.66800000000003,184.00000000000003,184.33400000000003,25190
2026-08-19T12:45:00+00:00,184.33400000000003,184.61500000000004,184.25900000000004,184.60900000000004,18586
2026-08-19T13:00:00+00:00,184.60900000000004,184.63700000000003,184.50900000000004,184.56700000000004,14490
2026-08-19T13:15:00+00:00,184.56700000000004,184.69300000000004,184.53900000000004,184.66500000000002,11997
2026-08-19T13:30:00+00:00,184.66500000000002,184.79200000000003,184.65200000000004,184.79000000000002,15317
2026-08-19T13:45:00+00:00,184.79000000000002,184.83000000000004,184.69900000000004,184.75800000000004,14706
2026-08-19T14:00:00+00:00,184.75800000000004,184.78400000000002,184.72000000000003,184.72500000000002,12361
2026-08-19T14:15:00+00:00,184.72500000000002,184.81900000000005,184.69600000000003,184.81900000000005,12395
2026-08-19T14:30:00+00:00,184.81900000000005,184.81900000000005,184.61600000000004,184.74000000000004,14723
2026-08-19T14:45:00+00:00,184.74000000000004,184.80000000000004,184.71600000000004,184.76400000000004,12869
2026-08-19T15:00:00+00:00,184.76400000000004,184.88100000000003,184.76400000000004,184.84000000000003,9688
2026-08-19T15:15:00+00:00,184.84000000000003,184.88800000000003,184.79900000000004,184.88500000000002,9579
2026-08-19T15:30:00+00:00,184.88500000000002,184.92200000000003,184.85600000000002,184.88200000000003,6508
2026-08-19T15:45:00+00:00,184.88200000000003,184.91300000000004,184.87100000000004,184.89600000000004,6472
2026-08-19T16:00:00+00:00,184.89600000000004,184.96700000000004,184.88900000000004,184.94900000000004,7660
2026-08-19T16:15:00+00:00,184.94900000000004,184.96200000000002,184.90700000000004,184.90800000000004,5789
2026-08-19T16:30:00+00:00,184.90800000000004,184.94500000000002,184.89700000000002,184.91000000000003,4841
2026-08-19T16:45:00+00:00,184.91000000000003,184.91200000000003,184.84400000000002,184.88800000000003,6077
2026-08-19T17:00:00+00:00,184.88800000000003,184.96800000000002,184.87600000000003,184.95500000000004,8328
2026-08-19T17:15:00+00:00,184.95500000000004,184.96700000000004,184.89000000000004,184.95100000000002,5921
2026-08-19T17:30:00+00:00,184.95100000000002,184.97700000000003,184.93000000000004,184.96700000000004,5291
2026-08-19T17:45:00+00:00,184.96700000000004,185.01700000000002,184.96100000000004,184.98400000000004,4208
2026-08-19T18:00:00+00:00,184.98400000000004,184.99900000000002,184.88000000000002,184.91800000000003,6035
2026-08-19T18:15:00+00:00,184.91800000000003,184.93400000000003,184.88200000000003,184.89300000000003,6236
2026-08-19T18:30:00+00:00,184.89300000000003,184.90000000000003,184.83100000000002,184.87900000000002,6790
2026-08-19T18:45:00+00:00,184.87900000000002,184.89500000000004,184.83900000000003,184.89100000000002,4767
2026-08-19T19:00:00+00:00,184.89100000000002,184.92800000000003,184.85900000000004,184.86800000000002,6770
2026-08-19T19:15:00+00:00,184.86800000000002,184.88900000000004,184.75400000000002,184.76800000000003,6805
2026-08-19T19:30:00+00:00,184.76800000000003,184.82200000000003,184.76000000000002,184.81800000000004,9649
2026-08-19T19:45:00+00:00,184.81800000000004,184.84400000000002,184.67300000000003,184.75400000000002,7155
2026-08-19T20:00:00+00:00,184.75400000000002,184.76300000000003,184.69100000000003,184.74400000000003,2796
2026-08-19T20:15:00+00:00,184.74400000000003,184.80300000000003,184.74400000000003,184.79400000000004,1460
2026-08-19T20:30:00+00:00,184.79400000000004,184.82100000000003,184.76300000000003,184.78300000000004,2691
2026-08-19T20:45:00+00:00,184.78300000000004,184.79000000000002,184.74100000000004,184.74500000000003,1704
2026-08-19T21:00:00+00:00,184.74500000000003,184.74500000000003,184.65300000000002,184.67900000000003,63.62967571309365
2026-08-19T21:15:00+00:00,184.67900000000003,184.70300000000003,184.66100000000003,184.68000000000004,467
2026-08-19T21:30:00+00:00,184.68000000000004,184.69500000000002,184.68000000000004,184.69300000000004,540
2026-08-19T21:45:00+00:00,184.69300000000004,184.76000000000002,184.68100000000004,184.68100000000004,504
2026-08-19T22:00:00+00:00,184.68100000000004,184.73600000000002,184.65200000000004,184.68500000000003,1276
2026-08-19T22:15:00+00:00,184.68500000000003,184.68500000000003,184.65700000000004,184.67500000000004,848
2026-08-19T22:30:00+00:00,184.67500000000004,184.72400000000002,184.67500000000004,184.72200000000004,1217
2026-08-19T22:45:00+00:00,184.72200000000004,184.77900000000002,184.71300000000002,184.76800000000003,1508
2026-08-19T23:00:00+00:00,184.76800000000003,184.82200000000003,184.76800000000003,184.80500000000004,2797
2026-08-19T23:15:00+00:00,184.80500000000004,184.82100000000003,184.77400000000003,184.80700000000004,2158
2026-08-19T23:30:00+00:00,184.80700000000004,184.83600000000004,184.78700000000003,184.81100000000004,2229
2026-08-19T23:45:00+00:00,184.81100000000004,184.84400000000002,184.79800000000003,184.83900000000003,2670
2026-08-20T00:00:00+00:00,184.83900000000003,184.97600000000003,184.80300000000003,184.95800000000003,9808
2026-08-20T00:15:00+00:00,184.95800000000003,184.96200000000002,184.90700000000004,184.93800000000005,7667
2026-08-20T00:30:00+00:00,184.93800000000005,184.96800000000002,184.89800000000002,184.96700000000004,6846
2026-08-20T00:45:00+00:00,184.96700000000004,185.01800000000003,184.95300000000003,185.00400000000002,7284
2026-08-20T01:00:00+00:00,185.00400000000002,185.07200000000003,184.99700000000004,185.04500000000004,7137
2026-08-20T01:15:00+00:00,185.04500000000004,185.07700000000003,185.03800000000004,185.05300000000003,7261
2026-08-20T01:30:00+00:00,185.05300000000003,185.16600000000003,185.02000000000004,185.16100000000003,7607
2026-08-20T01:45:00+00:00,185.16100000000003,185.19800000000004,185.13300000000004,185.18600000000004,7682
2026-08-20T02:00:00+00:00,185.18600000000004,185.20000000000005,185.05300000000003,185.15200000000004,10575
2026-08-20T02:15:00+00:00,185.15200000000004,185.15300000000002,185.06600000000003,185.07400000000004,5194
2026-08-20T02:30:00+00:00,185.07400000000004,185.08000000000004,185.03400000000002,185.06500000000003,4495
2026-08-20T02:45:00+00:00,185.06500000000003,185.08300000000003,185.04500000000004,185.05800000000002,3942
2026-08-20T03:00:00+00:00,185.05800000000002,185.10700000000003,185.04900000000004,185.05100000000004,4355
2026-08-20T03:15:00+00:00,185.05100000000004,185.10000000000002,185.04200000000003,185.07500000000005,4912
2026-08-20T03:30:00+00:00,185.07500000000005,185.12000000000003,185.07300000000004,185.11200000000002,3933
2026-08-20T03:45:00+00:00,185.11200000000002,185.14000000000004,185.09200000000004,185.11900000000003,3986
2026-08-20T04:00:00+00:00,185.11900000000003,185.14600000000004,185.10800000000003,185.12000000000003,3096
2026-08-20T04:15:00+00:00,185.12000000000003,185.14700000000002,185.10300000000004,185.12500000000003,2617
2026-08-20T04:30:00+00:00,185.12500000000003,185.19200000000004,185.11000000000004,185.18500000000003,2853
2026-08-20T04:45:00+00:00,185.18500000000003,185.28200000000004,185.12900000000002,185.18000000000004,4737
2026-08-20T05:00:00+00:00,185.18000000000004,185.23400000000004,185.16800000000003,185.20100000000002,4353
2026-08-20T05:15:00+00:00,185.20100000000002,185.28300000000004,185.18800000000005,185.27800000000002,4296
2026-08-20T05:30:00+00:00,185.27800000000002,185.32400000000004,185.27300000000002,185.31700000000004,4254
2026-08-20T05:45:00+00:00,185.31700000000004,185.31900000000005,185.25000000000003,185.30000000000004,5058
2026-08-20T06:00:00+00:00,185.30000000000004,185.31800000000004,185.24000000000004,185.26400000000004,5828
2026-08-20T06:15:00+00:00,185.26400000000004,185.27300000000002,185.13500000000002,185.16800000000003,6440
2026-08-20T06:30:00+00:00,185.16800000000003,185.20900000000003,185.14400000000003,185.17600000000004,5089
2026-08-20T06:45:00+00:00,185.17600000000004,185.25000000000003,185.16600000000003,185.17000000000004,7122
2026-08-20T07:00:00+00:00,185.17000000000004,185.17000000000004,185.06300000000005,185.11000000000004,7701
2026-08-20T07:15:00+00:00,185.11000000000004,185.24100000000004,185.10600000000002,185.23100000000002,6501
2026-08-20T07:30:00+00:00,185.23100000000002,185.33000000000004,185.22700000000003,185.32700000000003,7464
2026-08-20T07:45:00+00:00,185.32700000000003,185.36000000000004,185.27500000000003,185.33400000000003,6098
2026-08-20T08:00:00+00:00,185.33400000000003,185.36900000000003,185.28600000000003,185.31700000000004,6995
2026-08-20T08:15:00+00:00,185.31700000000004,185.37200000000004,185.28100000000003,185.36900000000003,6718
2026-08-20T08:30:00+00:00,185.36900000000003,185.49300000000002,185.33700000000002,185.47600000000003,7129
2026-08-20T08:45:00+00:00,185.47600000000003,185.54400000000004,185.44900000000004,185.49200000000002,6996
2026-08-20T09:00:00+00:00,185.49200000000002,185.49400000000003,185.42300000000003,185.47800000000004,6700
2026-08-20T09:15:00+00:00,185.47800000000004,185.48200000000003,185.31100000000004,185.38300000000004,8918
2026-08-20T09:30:00+00:00,185.38300000000004,185.39200000000002,185.33200000000002,185.36700000000002,7025
2026-08-20T09:45:00+00:00,185.36700000000002,185.47300000000004,185.35100000000003,185.44800000000004,5882
2026-08-20T10:00:00+00:00,185.44800000000004,185.46000000000004,185.37800000000004,185.39800000000002,6795
2026-08-20T10:15:00+00:00,185.39800000000002,185.41800000000003,185.36600000000004,185.39100000000002,4873
2026-08-20T10:30:00+00:00,185.39100000000002,185.41700000000003,185.35300000000004,185.40500000000003,5882
2026-08-20T10:45:00+00:00,185.40500000000003,185.46500000000003,185.39300000000003,185.44000000000003,6775
2026-08-20T11:00:00+00:00,185.44000000000003,185.54400000000004,185.44000000000003,185.49800000000002,6079
2026-08-20T11:15:00+00:00,185.49800000000002,185.52700000000004,185.47200000000004,185.47200000000004,5857
2026-08-20T11:30:00+00:00,185.47200000000004,185.51400000000004,185.44200000000004,185.49100000000004,6791
2026-08-20T11:45:00+00:00,185.49100000000004,185.52200000000002,185.42800000000003,185.46500000000003,8594
2026-08-20T12:00:00+00:00,185.46500000000003,185.56300000000005,185.45900000000003,185.52900000000002,9450
2026-08-20T12:15:00+00:00,185.52900000000002,185.54200000000003,185.47200000000004,185.49600000000004,8237
2026-08-20T12:30:00+00:00,185.49600000000004,185.55300000000003,185.47400000000002,185.50800000000004,8297
2026-08-20T12:45:00+00:00,185.50800000000004,185.52600000000004,185.46600000000004,185.51100000000002,9069
2026-08-20T13:00:00+00:00,185.51100000000002,185.53600000000003,185.46300000000002,185.48400000000004,9283
2026-08-20T13:15:00+00:00,185.48400000000004,185.48800000000003,185.42300000000003,185.46100000000004,8645
2026-08-20T13:30:00+00:00,185.46100000000004,185.51600000000002,185.43400000000003,185.46400000000003,10933
2026-08-20T13:45:00+00:00,185.46400000000003,185.52500000000003,185.44600000000003,185.50900000000004,9981
2026-08-20T14:00:00+00:00,185.50900000000004,185.57200000000003,185.49600000000004,185.50200000000004,7557
2026-08-20T14:15:00+00:00,185.50200000000004,185.54400000000004,185.48400000000004,185.52400000000003,9344
2026-08-20T14:30:00+00:00,185.52400000000003,185.57600000000002,185.52200000000002,185.52600000000004,7066
2026-08-20T14:45:00+00:00,185.52600000000004,185.57500000000005,185.49500000000003,185.51400000000004,9156
2026-08-20T15:00:00+00:00,185.51400000000004,185.57300000000004,185.34000000000003,185.55100000000004,19925
2026-08-20T15:15:00+00:00,185.55100000000004,185.59800000000004,185.54600000000002,185.58400000000003,9290
2026-08-20T15:30:00+00:00,185.58400000000003,185.65400000000002,185.57500000000005,185.63900000000004,8323
2026-08-20T15:45:00+00:00,185.63900000000004,185.66200000000003,185.60100000000003,185.60200000000003,8014
2026-08-20T16:00:00+00:00,185.60200000000003,185.67100000000002,185.59900000000002,185.66200000000003,6570
2026-08-20T16:15:00+00:00,185.66200000000003,185.77900000000002,185.65400000000002,185.75900000000004,8763
2026-08-20T16:30:00+00:00,185.75900000000004,185.76700000000002,185.68800000000005,185.69300000000004,6086
2026-08-20T16:45:00+00:00,185.69300000000004,185.71300000000002,185.66700000000003,185.68100000000004,5652
2026-08-20T17:00:00+00:00,185.68100000000004,185.69100000000003,185.65300000000002,185.68400000000003,5424
2026-08-20T17:15:00+00:00,185.68400000000003,185.73200000000003,185.67100000000002,185.72200000000004,4525
2026-08-20T17:30:00+00:00,185.72200000000004,185.76400000000004,185.72200000000004,185.74400000000003,3677
2026-08-20T17:45:00+00:00,185.74400000000003,185.77900000000002,185.73800000000003,185.76100000000002,3707
2026-08-20T18:00:00+00:00,185.76100000000002,185.84000000000003,185.75100000000003,185.82400000000004,5084
2026-08-20T18:15:00+00:00,185.82400000000004,185.86400000000003,185.81900000000005,185.85900000000004,4316
2026-08-20T18:30:00+00:00,185.85900000000004,185.86600000000004,185.84200000000004,185.85600000000002,3384
2026-08-20T18:45:00+00:00,185.85600000000002,185.89600000000004,185.85300000000004,185.89100000000002,3608
2026-08-20T19:00:00+00:00,185.89100000000002,185.90200000000004,185.86600000000004,185.88300000000004,3508
2026-08-20T19:15:00+00:00,185.88300000000004,185.89400000000003,185.86400000000003,185.89200000000002,3245
2026-08-20T19:30:00+00:00,185.89200000000002,185.90000000000003,185.85700000000003,185.87500000000003,3442
2026-08-20T19:45:00+00:00,185.87500000000003,185.91100000000003,185.86600000000004,185.89100000000002,3921
2026-08-20T20:00:00+00:00,185.89100000000002,185.90900000000002,185.85800000000003,185.87800000000004,2201
2026-08-20T20:15:00+00:00,185.87800000000004,185.89800000000002,185.87100000000004,185.88200000000003,1456
2026-08-20T20:30:00+00:00,185.88200000000003,185.89100000000002,185.85800000000003,185.86300000000003,1408
2026-08-20T20:45:00+00:00,185.86300000000003,185.87000000000003,185.80200000000002,185.80200000000002,6421
2026-08-20T21:00:00+00:00,185.80200000000002,185.86300000000003,185.75500000000002,185.81100000000004,235
2026-08-20T21:15:00+00:00,185.81100000000004,185.81700000000004,185.79200000000003,185.81100000000004,351
2026-08-20T21:30:00+00:00,185.81100000000004,185.84100000000004,185.80300000000003,185.82800000000003,811
2026-08-20T21:45:00+00:00,185.82800000000003,185.82900000000004,185.79300000000003,185.80000000000004,1095
2026-08-20T22:00:00+00:00,185.80000000000004,185.87100000000004,185.80000000000004,185.84700000000004,985
2026-08-20T22:15:00+00:00,185.84700000000004,185.85900000000004,185.80400000000003,185.82400000000004,1083
2026-08-20T22:30:00+00:00,185.82400000000004,185.83300000000003,185.80400000000003,185.81800000000004,890
2026-08-20T22:45:00+00:00,185.81800000000004,185.82600000000002,185.78200000000004,185.78500000000003,1156
2026-08-20T23:00:00+00:00,185.78500000000003,185.80100000000004,185.75000000000003,185.76600000000002,1955
2026-08-20T23:15:00+00:00,185.76600000000002,185.77900000000002,185.74700000000004,185.76600000000002,1433
2026-08-20T23:30:00+00:00,185.76600000000002,185.80600000000004,185.74300000000002,185.77900000000002,2515
2026-08-20T23:45:00+00:00,185.77900000000002,185.81400000000002,185.75200000000004,185.78500000000003,2935
2026-08-21T00:00:00+00:00,185.78500000000003,185.89600000000004,185.75800000000004,185.89500000000004,5362
2026-08-21T00:15:00+00:00,185.89500000000004,185.92500000000004,185.83600000000004,185.91300000000004,5166
2026-08-21T00:30:00+00:00,185.91300000000004,185.99000000000004,185.90800000000004,185.96900000000002,4994
2026-08-21T00:45:00+00:00,185.96900000000002,186.01300000000003,185.93000000000004,185.95300000000003,6365
2026-08-21T01:00:00+00:00,185.95300000000003,186.00200000000004,185.94600000000003,185.97900000000004,6559
2026-08-21T01:15:00+00:00,185.97900000000004,185.99000000000004,185.89100000000002,185.92900000000003,5320
2026-08-21T01:30:00+00:00,185.92900000000003,185.93700000000004,185.87800000000004,185.92800000000003,5438
2026-08-21T01:45:00+00:00,185.92800000000003,185.93000000000004,185.88600000000002,185.89400000000003,4224
2026-08-21T02:00:00+00:00,185.89400000000003,185.95900000000003,185.87900000000002,185.95900000000003,4910
2026-08-21T02:15:00+00:00,185.95900000000003,186.01600000000002,185.95400000000004,186.01400000000004,4545
2026-08-21T02:30:00+00:00,186.01400000000004,186.01500000000004,185.91100000000003,185.97500000000002,4484
2026-08-21T02:45:00+00:00,185.97500000000002,186.02700000000004,185.96100000000004,186.00800000000004,3666
2026-08-21T03:00:00+00:00,186.00800000000004,186.02900000000002,185.99800000000002,186.02400000000003,2454
2026-08-21T03:15:00+00:00,186.02400000000003,186.04200000000003,185.99800000000002,186.02900000000002,2542
2026-08-21T03:30:00+00:00,186.02900000000002,186.09900000000002,186.02600000000004,186.04500000000004,2939
2026-08-21T03:45:00+00:00,186.04500000000004,186.06400000000002,186.00500000000002,186.01300000000003,2675
2026-08-21T04:00:00+00:00,186.01300000000003,186.01900000000003,185.96200000000002,185.98900000000003,3375
2026-08-21T04:15:00+00:00,185.98900000000003,186.03600000000003,185.98500000000004,186.01400000000004,2381
2026-08-21T04:30:00+00:00,186.01400000000004,186.04700000000003,186.01200000000003,186.02100000000004,2450
2026-08-21T04:45:00+00:00,186.02100000000004,186.04700000000003,185.99300000000002,186.00300000000004,2409
2026-08-21T05:00:00+00:00,186.00300000000004,186.02000000000004,185.98000000000002,186.00800000000004,4138
2026-08-21T05:15:00+00:00,186.00800000000004,186.01500000000004,185.98700000000002,185.98800000000003,2966
2026-08-21T05:30:00+00:00,185.98800000000003,185.98800000000003,185.88300000000004,185.88300000000004,4843
2026-08-21T05:45:00+00:00,185.88300000000004,185.92200000000003,185.86400000000003,185.87800000000004,5649
2026-08-21T06:00:00+00:00,185.87800000000004,185.89100000000002,185.81800000000004,185.87100000000004,5748
2026-08-21T06:15:00+00:00,185.87100000000004,185.96500000000003,185.86400000000003,185.95300000000003,4270
2026-08-21T06:30:00+00:00,185.95300000000003,185.96400000000003,185.89600000000004,185.93200000000004,4498
2026-08-21T06:45:00+00:00,185.93200000000004,185.96900000000002,185.89900000000003,185.95100000000002,4786
2026-08-21T07:00:00+00:00,185.95100000000002,185.98400000000004,185.88500000000002,185.92400000000004,6208
2026-08-21T07:15:00+00:00,185.92400000000004,185.94000000000003,185.85600000000002,185.86400000000003,3313
2026-08-21T07:30:00+00:00,185.86400000000003,185.87600000000003,185.73500000000004,185.75800000000004,6128
2026-08-21T07:45:00+00:00,185.75800000000004,185.75800000000004,185.64200000000002,185.75300000000004,6755
2026-08-21T08:00:00+00:00,185.75300000000004,185.82100000000003,185.72300000000004,185.79900000000004,4678
2026-08-21T08:15:00+00:00,185.79900000000004,185.81100000000004,185.71200000000002,185.72400000000002,6354
2026-08-21T08:30:00+00:00,185.72400000000002,185.74600000000004,185.60900000000004,185.67500000000004,7446
2026-08-21T08:45:00+00:00,185.67500000000004,185.73800000000003,185.61500000000004,185.63800000000003,7506
2026-08-21T09:00:00+00:00,185.63800000000003,185.66600000000003,185.51200000000003,185.58400000000003,8056
2026-08-21T09:15:00+00:00,185.58400000000003,185.63100000000003,185.56200000000004,185.58700000000002,7252
2026-08-21T09:30:00+00:00,185.58700000000002,185.65100000000004,185.55500000000004,185.63800000000003,6641
2026-08-21T09:45:00+00:00,185.63800000000003,185.70000000000005,185.63200000000003,185.64700000000002,5178
2026-08-21T10:00:00+00:00,185.64700000000002,185.73300000000003,185.62600000000003,185.72300000000004,5198
2026-08-21T10:15:00+00:00,185.72300000000004,185.73900000000003,185.68100000000004,185.69700000000003,5237
2026-08-21T10:30:00+00:00,185.69700000000003,185.77200000000002,185.69300000000004,185.75200000000004,3929
2026-08-21T10:45:00+00:00,185.75200000000004,185.83300000000003,185.73500000000004,185.78700000000003,6221
2026-08-21T11:00:00+00:00,185.78700000000003,185.85800000000003,185.76700000000002,185.85700000000003,5190
2026-08-21T11:15:00+00:00,185.85700000000003,185.86600000000004,185.70400000000004,185.72900000000004,9154
2026-08-21T11:30:00+00:00,185.72900000000004,185.73400000000004,185.58500000000004,185.65700000000004,9335
2026-08-21T11:45:00+00:00,185.65700000000004,185.75600000000003,185.65700000000004,185.75200000000004,5878
2026-08-21T12:00:00+00:00,185.75200000000004,185.76700000000002,185.71200000000002,185.73600000000002,6783
2026-08-21T12:15:00+00:00,185.73600000000002,185.74900000000002,185.67500000000004,185.67800000000003,5526
2026-08-21T12:30:00+00:00,185.67800000000003,185.71300000000002,185.64200000000002,185.67700000000002,7050
2026-08-21T12:45:00+00:00,185.67700000000002,185.69400000000005,185.64700000000002,185.67000000000004,5897
2026-08-21T13:00:00+00:00,185.67000000000004,185.68100000000004,185.61900000000003,185.65400000000002,6733
2026-08-21T13:15:00+00:00,185.65400000000002,185.71700000000004,185.64300000000003,185.68800000000005,7094
2026-08-21T13:30:00+00:00,185.68800000000005,185.69200000000004,185.59100000000004,185.63700000000003,5960
2026-08-21T13:45:00+00:00,185.63700000000003,185.68200000000004,185.56900000000005,185.57700000000003,5597
2026-08-21T14:00:00+00:00,185.57700000000003,185.61500000000004,185.56600000000003,185.58600000000004,6241
2026-08-21T14:15:00+00:00,185.58600000000004,185.60600000000002,185.53300000000004,185.54400000000004,5123
2026-08-21T14:30:00+00:00,185.54400000000004,185.64600000000004,185.54300000000003,185.63400000000004,8669
2026-08-21T14:45:00+00:00,185.63400000000004,185.67500000000004,185.57200000000003,185.62900000000002,7569
2026-08-21T15:00:00+00:00,185.62900000000002,185.72800000000004,185.61100000000002,185.71900000000002,9047
2026-08-21T15:15:00+00:00,185.71900000000002,185.73300000000003,185.68900000000002,185.71200000000002,6517
2026-08-21T15:30:00+00:00,185.71200000000002,185.72200000000004,185.66200000000003,185.70800000000003,6474
2026-08-21T15:45:00+00:00,185.70800000000003,185.78100000000003,185.70300000000003,185.74200000000002,5052
2026-08-21T16:00:00+00:00,185.74200000000002,185.79000000000002,185.74200000000002,185.76900000000003,5271
2026-08-21T16:15:00+00:00,185.76900000000003,185.79900000000004,185.70500000000004,185.78700000000003,6165
2026-08-21T16:30:00+00:00,185.78700000000003,185.79100000000003,185.75500000000002,185.76700000000002,4157
2026-08-21T16:45:00+00:00,185.76700000000002,185.78600000000003,185.74700000000004,185.77700000000004,4033
2026-08-21T17:00:00+00:00,185.77700000000004,185.80500000000004,185.77700000000004,185.78700000000003,4349
2026-08-21T17:15:00+00:00,185.78700000000003,185.81900000000005,185.77200000000002,185.80100000000004,3302
2026-08-21T17:30:00+00:00,185.80100000000004,185.81800000000004,185.79300000000003,185.81600000000003,3536
2026-08-21T17:45:00+00:00,185.81600000000003,185.82300000000004,185.80400000000003,185.81700000000004,1661
2026-08-21T18:00:00+00:00,185.81700000000004,185.84400000000002,185.81700000000004,185.82500000000005,2428
2026-08-21T18:15:00+00:00,185.82500000000005,185.85100000000003,185.82200000000003,185.85100000000003,2339
2026-08-21T18:30:00+00:00,185.85100000000003,185.87300000000002,185.84600000000003,185.86900000000003,2185
2026-08-21T18:45:00+00:00,185.86900000000003,185.87200000000004,185.85100000000003,185.86100000000002,2419
2026-08-21T19:00:00+00:00,185.86100000000002,185.86100000000002,185.80800000000002,185.83700000000002,2855
2026-08-21T19:15:00+00:00,185.83700000000002,185.84200000000004,185.80800000000002,185.81500000000003,1896
2026-08-21T19:30:00+00:00,185.81500000000003,185.81500000000003,185.77500000000003,185.79000000000002,2100
2026-08-21T19:45:00+00:00,185.79000000000002,185.80000000000004,185.74600000000004,185.77200000000002,2768
2026-08-21T20:00:00+00:00,185.77200000000002,185.78000000000003,185.74300000000002,185.75500000000002,1576
2026-08-21T20:15:00+00:00,185.75500000000002,185.75700000000003,185.72500000000002,185.73800000000003,1607
2026-08-21T20:30:00+00:00,185.73800000000003,185.74200000000002,185.68400000000003,185.68900000000002,1975
2026-08-21T20:45:00+00:00,185.68900000000002,185.72400000000002,185.67600000000004,185.69400000000002,1754
2026-08-23T21:00:00+00:00,185.588,185.607,185.588,185.607,107
2026-08-23T21:15:00+00:00,185.607,185.60899999999998,185.385,185.385,260
2026-08-23T21:30:00+00:00,185.385,185.468,185.148,185.46099999999998,543
2026-08-23T21:45:00+00:00,185.46099999999998,185.581,185.32399999999998,185.32399999999998,426
2026-08-23T22:00:00+00:00,185.32399999999998,185.59099999999998,185.32399999999998,185.57999999999998,1789
2026-08-23T22:15:00+00:00,185.57999999999998,185.626,185.57999999999998,185.61499999999998,901
2026-08-23T22:30:00+00:00,185.61499999999998,185.63,185.57,185.59099999999998,1031
2026-08-23T22:45:00+00:00,185.59099999999998,185.59699999999998,185.56799999999998,185.59099999999998,691
2026-08-23T23:00:00+00:00,185.59099999999998,185.60999999999999,185.582,185.587,1249
2026-08-23T23:15:00+00:00,185.587,185.62699999999998,185.57399999999998,185.606,1118
2026-08-23T23:30:00+00:00,185.606,185.63899999999998,185.60299999999998,185.63299999999998,1019
2026-08-23T23:45:00+00:00,185.63299999999998,185.653,185.59799999999998,185.60399999999998,1886
2026-08-24T00:00:00+00:00,185.60399999999998,185.65899999999996,185.57799999999997,185.60399999999998,6381
2026-08-24T00:15:00+00:00,185.60399999999998,185.60499999999996,185.49699999999999,185.51399999999998,6476
2026-08-24T00:30:00+00:00,185.51399999999998,185.52299999999997,185.44099999999997,185.47699999999998,5506
2026-08-24T00:45:00+00:00,185.47699999999998,185.54499999999996,185.44699999999997,185.47499999999997,7681
2026-08-24T01:00:00+00:00,185.47499999999997,185.54899999999998,185.47199999999998,185.54899999999998,4687
2026-08-24T01:15:00+00:00,185.54899999999998,185.59499999999997,185.54499999999996,185.57699999999997,6074
2026-08-24T01:30:00+00:00,185.57699999999997,185.60299999999998,185.55699999999996,185.56399999999996,4890
2026-08-24T01:45:00+00:00,185.56399999999996,185.58799999999997,185.53999999999996,185.55399999999997,4770
2026-08-24T02:00:00+00:00,185.55399999999997,185.58899999999997,185.53699999999998,185.58499999999998,5034
2026-08-24T02:15:00+00:00,185.58499999999998,185.59499999999997,185.55699999999996,185.57799999999997,4570
2026-08-24T02:30:00+00:00,185.57799999999997,185.62699999999998,185.57599999999996,185.60799999999998,3687
2026-08-24T02:45:00+00:00,185.60799999999998,185.61799999999997,185.57699999999997,185.59999999999997,4330
2026-08-24T03:00:00+00:00,185.59999999999997,185.65499999999997,185.59799999999998,185.63599999999997,4221
2026-08-24T03:15:00+00:00,185.63599999999997,185.63999999999996,185.61899999999997,185.62899999999996,3414
2026-08-24T03:30:00+00:00,185.62899999999996,185.65999999999997,185.62599999999998,185.64299999999997,3576
2026-08-24T03:45:00+00:00,185.64299999999997,185.64799999999997,185.61399999999998,185.63099999999997,3791
2026-08-24T04:00:00+00:00,185.63099999999997,185.63199999999998,185.49499999999998,185.56299999999996,5127
2026-08-24T04:15:00+00:00,185.56299999999996,185.59299999999996,185.51199999999997,185.53899999999996,4024
2026-08-24T04:30:00+00:00,185.53899999999996,185.58099999999996,185.52399999999997,185.57099999999997,4228
2026-08-24T04:45:00+00:00,185.57099999999997,185.61699999999996,185.56899999999996,185.58999999999997,4370
2026-08-24T05:00:00+00:00,185.58999999999997,185.63499999999996,185.58799999999997,185.62799999999996,4160
2026-08-24T05:15:00+00:00,185.62799999999996,185.62899999999996,185.59499999999997,185.61199999999997,3984
2026-08-24T05:30:00+00:00,185.61199999999997,185.63299999999998,185.59399999999997,185.60899999999998,3887
2026-08-24T05:45:00+00:00,185.60899999999998,185.62899999999996,185.59999999999997,185.60999999999999,3651
2026-08-24T06:00:00+00:00,185.60999999999999,185.61399999999998,185.53699999999998,185.55499999999998,5779
2026-08-24T06:15:00+00:00,185.55499999999998,185.58799999999997,185.52699999999996,185.56599999999997,5384
2026-08-24T06:30:00+00:00,185.56599999999997,185.65499999999997,185.56599999999997,185.61199999999997,5505
2026-08-24T06:45:00+00:00,185.61199999999997,185.71099999999998,185.60399999999998,185.70999999999998,6368
2026-08-24T07:00:00+00:00,185.70999999999998,185.75299999999996,185.65199999999996,185.70599999999996,7479
2026-08-24T07:15:00+00:00,185.70599999999996,185.79699999999997,185.68099999999998,185.79599999999996,5442
2026-08-24T07:30:00+00:00,185.79599999999996,185.79899999999998,185.67799999999997,185.68099999999998,6294
2026-08-24T07:45:00+00:00,185.68099999999998,185.70599999999996,185.64699999999996,185.69899999999998,6470
2026-08-24T08:00:00+00:00,185.69899999999998,185.74699999999999,185.68799999999996,185.72399999999996,7248
2026-08-24T08:15:00+00:00,185.72399999999996,185.74599999999998,185.69799999999998,185.71999999999997,4817
2026-08-24T08:30:00+00:00,185.71999999999997,185.76299999999998,185.71799999999996,185.73799999999997,5091
2026-08-24T08:45:00+00:00,185.73799999999997,185.73899999999998,185.65799999999996,185.66899999999998,5029
2026-08-24T09:00:00+00:00,185.66899999999998,185.70499999999998,185.63999999999996,185.64999999999998,4523
2026-08-24T09:15:00+00:00,185.64999999999998,185.69399999999996,185.62599999999998,185.66999999999996,4613
2026-08-24T09:30:00+00:00,185.66999999999996,185.67599999999996,185.61199999999997,185.67099999999996,4467
2026-08-24T09:45:00+00:00,185.67099999999996,185.71099999999998,185.66799999999998,185.69899999999998,4073
2026-08-24T10:00:00+00:00,185.69899999999998,185.72699999999998,185.67599999999996,185.70299999999997,4621
2026-08-24T10:15:00+00:00,185.70299999999997,185.70399999999998,185.63399999999996,185.68399999999997,5840
2026-08-24T10:30:00+00:00,185.68399999999997,185.68599999999998,185.60299999999998,185.64099999999996,5082
2026-08-24T10:45:00+00:00,185.64099999999996,185.70599999999996,185.62999999999997,185.70399999999998,4503
2026-08-24T11:00:00+00:00,185.70399999999998,185.73799999999997,185.69799999999998,185.70499999999998,4514
2026-08-24T11:15:00+00:00,185.70499999999998,185.74099999999999,185.69199999999998,185.71799999999996,4072
2026-08-24T11:30:00+00:00,185.71799999999996,185.73599999999996,185.54199999999997,185.54199999999997,11470
2026-08-24T11:45:00+00:00,185.54199999999997,185.60499999999996,185.53699999999998,185.57999999999998,7112
2026-08-24T12:00:00+00:00,185.57999999999998,185.60299999999998,185.55399999999997,185.55599999999998,6375
2026-08-24T12:15:00+00:00,185.55599999999998,185.55799999999996,185.47299999999998,185.54699999999997,8057
2026-08-24T12:30:00+00:00,185.54699999999997,185.54699999999997,185.45999999999998,185.52399999999997,8700
2026-08-24T12:45:00+00:00,185.52399999999997,185.60199999999998,185.51299999999998,185.59899999999996,6906
2026-08-24T13:00:00+00:00,185.59899999999996,185.69799999999998,185.58399999999997,185.69099999999997,6337
2026-08-24T13:15:00+00:00,185.69099999999997,185.75099999999998,185.68199999999996,185.73399999999998,6286
2026-08-24T13:30:00+00:00,185.73399999999998,185.74699999999999,185.65899999999996,185.66899999999998,7964
2026-08-24T13:45:00+00:00,185.66899999999998,185.67499999999998,185.59299999999996,185.59899999999996,9157
2026-08-24T14:00:00+00:00,185.59899999999996,185.68899999999996,185.56099999999998,185.68499999999997,8551
2026-08-24T14:15:00+00:00,185.68499999999997,185.70899999999997,185.64899999999997,185.69099999999997,6752
2026-08-24T14:30:00+00:00,185.69099999999997,185.71099999999998,185.64399999999998,185.65399999999997,6612
2026-08-24T14:45:00+00:00,185.65399999999997,185.72699999999998,185.64799999999997,185.71599999999998,8183
2026-08-24T15:00:00+00:00,185.71599999999998,185.72299999999998,185.65999999999997,185.67399999999998,6485
2026-08-24T15:15:00+00:00,185.67399999999998,185.71899999999997,185.65599999999998,185.67199999999997,6981
2026-08-24T15:30:00+00:00,185.67199999999997,185.73999999999998,185.65899999999996,185.70899999999997,6456
2026-08-24T15:45:00+00:00,185.70899999999997,185.70899999999997,185.66499999999996,185.67099999999996,5088
2026-08-24T16:00:00+00:00,185.67099999999996,185.67699999999996,185.58799999999997,185.60999999999999,8574
2026-08-24T16:15:00+00:00,185.60999999999999,185.61399999999998,185.56199999999998,185.58499999999998,4753
2026-08-24T16:30:00+00:00,185.58499999999998,185.59499999999997,185.52699999999996,185.58499999999998,5366
2026-08-24T16:45:00+00:00,185.58499999999998,185.58699999999996,185.55599999999998,185.55599999999998,4727
2026-08-24T17:00:00+00:00,185.55599999999998,185.56299999999996,185.47999999999996,185.53599999999997,8054
2026-08-24T17:15:00+00:00,185.53599999999997,185.56499999999997,185.52199999999996,185.54199999999997,7865
2026-08-24T17:30:00+00:00,185.54199999999997,185.57999999999998,185.53599999999997,185.54899999999998,4564
2026-08-24T17:45:00+00:00,185.54899999999998,185.56899999999996,185.52799999999996,185.56699999999998,4132
2026-08-24T18:00:00+00:00,185.56699999999998,185.60299999999998,185.55399999999997,185.59699999999998,4577
2026-08-24T18:15:00+00:00,185.59699999999998,185.64199999999997,185.58199999999997,185.63799999999998,4774
2026-08-24T18:30:00+00:00,185.63799999999998,185.66299999999998,185.63499999999996,185.65799999999996,3881
2026-08-24T18:45:00+00:00,185.65799999999996,185.67399999999998,185.64199999999997,185.66599999999997,3984
2026-08-24T19:00:00+00:00,185.66599999999997,185.66699999999997,185.62399999999997,185.63699999999997,3524
2026-08-24T19:15:00+00:00,185.63699999999997,185.65599999999998,185.62299999999996,185.64299999999997,3663
2026-08-24T19:30:00+00:00,185.64299999999997,185.64399999999998,185.59399999999997,185.60699999999997,2948
2026-08-24T19:45:00+00:00,185.60699999999997,185.62199999999999,185.58199999999997,185.60799999999998,4220
2026-08-24T20:00:00+00:00,185.60799999999998,185.62699999999998,185.60099999999997,185.61699999999996,3034
2026-08-24T20:15:00+00:00,185.61699999999996,185.63899999999998,185.60799999999998,185.62499999999997,1559
2026-08-24T20:30:00+00:00,185.62499999999997,185.62799999999996,185.58199999999997,185.58799999999997,1296
2026-08-24T20:45:00+00:00,185.58799999999997,185.59499999999997,185.53999999999996,185.53999999999996,3397
2026-08-24T21:00:00+00:00,185.53999999999996,185.53999999999996,185.43799999999996,185.49099999999999,202
2026-08-24T21:15:00+00:00,185.49099999999999,185.53299999999996,185.48899999999998,185.52199999999996,652
2026-08-24T21:30:00+00:00,185.52199999999996,185.55299999999997,185.50199999999998,185.55299999999997,390
2026-08-24T21:45:00+00:00,185.55299999999997,185.60099999999997,185.50799999999998,185.54999999999998,479
2026-08-24T22:00:00+00:00,185.54999999999998,185.58999999999997,185.52799999999996,185.58999999999997,548
2026-08-24T22:15:00+00:00,185.58999999999997,185.60799999999998,185.57499999999996,185.60599999999997,405
2026-08-24T22:30:00+00:00,185.60599999999997,185.60799999999998,185.58499999999998,185.58799999999997,522
2026-08-24T22:45:00+00:00,185.58799999999997,185.59299999999996,185.58099999999996,185.58699999999996,246
2026-08-24T23:00:00+00:00,185.58699999999996,185.59099999999998,185.54299999999998,185.55799999999996,1014
2026-08-24T23:15:00+00:00,185.55799999999996,185.59999999999997,185.55599999999998,185.59699999999998,835
2026-08-24T23:30:00+00:00,185.59699999999998,185.64499999999998,185.59499999999997,185.64399999999998,1230
2026-08-24T23:45:00+00:00,185.64399999999998,185.68999999999997,185.62699999999998,185.67799999999997,2017
2026-08-25T00:00:00+00:00,185.67799999999997,185.70399999999998,185.64799999999997,185.69699999999997,5898
2026-08-25T00:15:00+00:00,185.69699999999997,185.71599999999998,185.66499999999996,185.69599999999997,6076
2026-08-25T00:30:00+00:00,185.69599999999997,185.70999999999998,185.66599999999997,185.68499999999997,7984
2026-08-25T00:45:00+00:00,185.68499999999997,185.74999999999997,185.65399999999997,185.74699999999999,7255
2026-08-25T01:00:00+00:00,185.74699999999999,185.75599999999997,185.65599999999998,185.65899999999996,5193
2026-08-25T01:15:00+00:00,185.65899999999996,185.69499999999996,185.64999999999998,185.67299999999997,4298
2026-08-25T01:30:00+00:00,185.67299999999997,185.73599999999996,185.67199999999997,185.71399999999997,3809
2026-08-25T01:45:00+00:00,185.71399999999997,185.78999999999996,185.70799999999997,185.75199999999998,4189
2026-08-25T02:00:00+00:00,185.75199999999998,185.80099999999996,185.73899999999998,185.75499999999997,4409
2026-08-25T02:15:00+00:00,185.75499999999997,185.78199999999998,185.74599999999998,185.75899999999996,3351
2026-08-25T02:30:00+00:00,185.75899999999996,185.78599999999997,185.74899999999997,185.76999999999998,3869
2026-08-25T02:45:00+00:00,185.76999999999998,185.85199999999998,185.76899999999998,185.82099999999997,4425
2026-08-25T03:00:00+00:00,185.82099999999997,185.84399999999997,185.80799999999996,185.82399999999998,3875
2026-08-25T03:15:00+00:00,185.82399999999998,185.84499999999997,185.80699999999996,185.81799999999998,2496
2026-08-25T03:30:00+00:00,185.81799999999998,185.83599999999998,185.79599999999996,185.79599999999996,2708
2026-08-25T03:45:00+00:00,185.79599999999996,185.81099999999998,185.77099999999996,185.78199999999998,1984
2026-08-25T04:00:00+00:00,185.78199999999998,185.78599999999997,185.74499999999998,185.75999999999996,2152
2026-08-25T04:15:00+00:00,185.75999999999996,185.76499999999996,185.71699999999998,185.71999999999997,2571
2026-08-25T04:30:00+00:00,185.71999999999997,185.72099999999998,185.62799999999996,185.63099999999997,3937
2026-08-25T04:45:00+00:00,185.63099999999997,185.67699999999996,185.57499999999996,185.67599999999996,2962
2026-08-25T05:00:00+00:00,185.67599999999996,185.71199999999996,185.64199999999997,185.69699999999997,4121
2026-08-25T05:15:00+00:00,185.69699999999997,185.72699999999998,185.66999999999996,185.71099999999998,3196
2026-08-25T05:30:00+00:00,185.71099999999998,185.73699999999997,185.66999999999996,185.67999999999998,3515
2026-08-25T05:45:00+00:00,185.67999999999998,185.68999999999997,185.64599999999996,185.67299999999997,2396
2026-08-25T06:00:00+00:00,185.67299999999997,185.69899999999998,185.64399999999998,185.69599999999997,4477
2026-08-25T06:15:00+00:00,185.69599999999997,185.77599999999998,185.69199999999998,185.74899999999997,4726
2026-08-25T06:30:00+00:00,185.74899999999997,185.75899999999996,185.68199999999996,185.70899999999997,5774
2026-08-25T06:45:00+00:00,185.70899999999997,185.75599999999997,185.68499999999997,185.75599999999997,4998
2026-08-25T07:00:00+00:00,185.75599999999997,185.80999999999997,185.74399999999997,185.80699999999996,5121
2026-08-25T07:15:00+00:00,185.80699999999996,185.86699999999996,185.80099999999996,185.83899999999997,5670
2026-08-25T07:30:00+00:00,185.83899999999997,185.88699999999997,185.81199999999998,185.86599999999999,4999
2026-08-25T07:45:00+00:00,185.86599999999999,185.89899999999997,185.84599999999998,185.88999999999996,4341
2026-08-25T08:00:00+00:00,185.88999999999996,185.95199999999997,185.88499999999996,185.92499999999998,5511
2026-08-25T08:15:00+00:00,185.92499999999998,185.94499999999996,185.86799999999997,185.91699999999997,8723
2026-08-25T08:30:00+00:00,185.91699999999997,185.93799999999996,185.88099999999997,185.90299999999996,6993
2026-08-25T08:45:00+00:00,185.90299999999996,185.93499999999997,185.87599999999998,185.91499999999996,5636
2026-08-25T09:00:00+00:00,185.91499999999996,185.92799999999997,185.85599999999997,185.88499999999996,6814
2026-08-25T09:15:00+00:00,185.88499999999996,185.92799999999997,185.85499999999996,185.86799999999997,5816
2026-08-25T09:30:00+00:00,185.86799999999997,185.92099999999996,185.83299999999997,185.86899999999997,6644
2026-08-25T09:45:00+00:00,185.86899999999997,185.90999999999997,185.83899999999997,185.84899999999996,5731
2026-08-25T10:00:00+00:00,185.84899999999996,185.87399999999997,185.80599999999998,185.80799999999996,4429
2026-08-25T10:15:00+00:00,185.80799999999996,185.81699999999998,185.74799999999996,185.74899999999997,4838
2026-08-25T10:30:00+00:00,185.74899999999997,185.76799999999997,185.71699999999998,185.75399999999996,4029
2026-08-25T10:45:00+00:00,185.75399999999996,185.76799999999997,185.73399999999998,185.76099999999997,3695
2026-08-25T11:00:00+00:00,185.76099999999997,185.77299999999997,185.72799999999998,185.74599999999998,5087
2026-08-25T11:15:00+00:00,185.74599999999998,185.78899999999996,185.72699999999998,185.78699999999998,5123
2026-08-25T11:30:00+00:00,185.78699999999998,185.78899999999996,185.73599999999996,185.73799999999997,4877
2026-08-25T11:45:00+00:00,185.73799999999997,185.74799999999996,185.66799999999995,185.67999999999995,4993
2026-08-25T12:00:00+00:00,185.67999999999995,185.74399999999997,185.64399999999995,185.73099999999997,7017
2026-08-25T12:15:00+00:00,185.73099999999997,185.75399999999996,185.71199999999996,185.75399999999996,5340
2026-08-25T12:30:00+00:00,185.75399999999996,185.79299999999995,185.73499999999996,185.77999999999997,4316
2026-08-25T12:45:00+00:00,185.77999999999997,185.84499999999997,185.76999999999995,185.84299999999996,5101
2026-08-25T13:00:00+00:00,185.84299999999996,185.85299999999995,185.77199999999996,185.78899999999996,7823
2026-08-25T13:15:00+00:00,185.78899999999996,185.83799999999997,185.77899999999997,185.81999999999996,6087
2026-08-25T13:30:00+00:00,185.81999999999996,185.87999999999997,185.79799999999997,185.86099999999996,7668
2026-08-25T13:45:00+00:00,185.86099999999996,185.88999999999996,185.81299999999996,185.86899999999997,6934
2026-08-25T14:00:00+00:00,185.86899999999997,185.91399999999996,185.84899999999996,185.89099999999996,8942
2026-08-25T14:15:00+00:00,185.89099999999996,185.90999999999997,185.85899999999995,185.87399999999997,5725
2026-08-25T14:30:00+00:00,185.87399999999997,185.88099999999997,185.82499999999996,185.84099999999995,7373
2026-08-25T14:45:00+00:00,185.84099999999995,185.86699999999996,185.80699999999996,185.84199999999996,7858
2026-08-25T15:00:00+00:00,185.84199999999996,185.88899999999995,185.82399999999996,185.87699999999995,6277
2026-08-25T15:15:00+00:00,185.87699999999995,185.88999999999996,185.85799999999998,185.88299999999995,5381
2026-08-25T15:30:00+00:00,185.88299999999995,185.90199999999996,185.81699999999995,185.83899999999997,8873
2026-08-25T15:45:00+00:00,185.83899999999997,185.89499999999995,185.83399999999997,185.85499999999996,6255
2026-08-25T16:00:00+00:00,185.85499999999996,185.86299999999997,185.83299999999997,185.84799999999996,6578
2026-08-25T16:15:00+00:00,185.84799999999996,185.86099999999996,185.82699999999997,185.85699999999997,4874
2026-08-25T16:30:00+00:00,185.85699999999997,185.88099999999997,185.84699999999995,185.87199999999996,4786
2026-08-25T16:45:00+00:00,185.87199999999996,185.90099999999995,185.86999999999998,185.90099999999995,3980
2026-08-25T17:00:00+00:00,185.90099999999995,185.92599999999996,185.89999999999995,185.90799999999996,3837
2026-08-25T17:15:00+00:00,185.90799999999996,185.92999999999995,185.90099999999995,185.90699999999995,2846
2026-08-25T17:30:00+00:00,185.90699999999995,185.90999999999997,185.87799999999996,185.88999999999996,3152
2026-08-25T17:45:00+00:00,185.88999999999996,185.90399999999997,185.86799999999997,185.87999999999997,2602
2026-08-25T18:00:00+00:00,185.87999999999997,185.88399999999996,185.85499999999996,185.86499999999995,3544
2026-08-25T18:15:00+00:00,185.86499999999995,185.88999999999996,185.85799999999998,185.88799999999995,2307
2026-08-25T18:30:00+00:00,185.88799999999995,185.914,185.88499999999996,185.91299999999998,1406
2026-08-25T18:45:00+00:00,185.91299999999998,185.91599999999997,185.884,185.88799999999998,2193
2026-08-25T19:00:00+00:00,185.88799999999998,185.914,185.88099999999997,185.90599999999998,3975
2026-08-25T19:15:00+00:00,185.90599999999998,185.909,185.843,185.85,4189
2026-08-25T19:30:00+00:00,185.85,185.85,185.77299999999997,185.78199999999998,2723
2026-08-25T19:45:00+00:00,185.78199999999998,185.82399999999998,185.753,185.82199999999997,5482
2026-08-25T20:00:00+00:00,185.82199999999997,185.891,185.795,185.85699999999997,2956
2026-08-25T20:15:00+00:00,185.85699999999997,185.89299999999997,185.843,185.87599999999998,2251
2026-08-25T20:30:00+00:00,185.87599999999998,185.90599999999998,185.86899999999997,185.87199999999999,2701
2026-08-25T20:45:00+00:00,185.87199999999999,185.89899999999997,185.83299999999997,185.856,1787
2026-08-25T21:00:00+00:00,185.856,185.89299999999997,185.819,185.832,177
2026-08-25T21:15:00+00:00,185.832,185.85999999999999,185.80299999999997,185.82299999999998,558
2026-08-25T21:30:00+00:00,185.82299999999998,185.89999999999998,185.82299999999998,185.89199999999997,602
2026-08-25T21:45:00+00:00,185.89199999999997,185.89499999999995,185.82699999999997,185.82899999999998,438
2026-08-25T22:00:00+00:00,185.82899999999998,185.91599999999997,185.82899999999998,185.90699999999995,977
2026-08-25T22:15:00+00:00,185.90699999999995,185.91599999999997,185.88099999999997,185.89799999999997,711
2026-08-25T22:30:00+00:00,185.89799999999997,185.91899999999995,185.89099999999996,185.90299999999996,687
2026-08-25T22:45:00+00:00,185.90299999999996,185.90999999999997,185.89899999999997,185.90699999999995,458
2026-08-25T23:00:00+00:00,185.90699999999995,185.92699999999996,185.90099999999995,185.91999999999996,856
2026-08-25T23:15:00+00:00,185.91999999999996,185.92599999999996,185.90799999999996,185.91999999999996,686
2026-08-25T23:30:00+00:00,185.91999999999996,185.92999999999998,185.90799999999996,185.92399999999998,793
2026-08-25T23:45:00+00:00,185.92399999999998,185.92999999999998,185.88399999999996,185.88599999999997,1588
2026-08-26T00:00:00+00:00,185.88599999999997,185.92099999999996,185.88599999999997,185.90499999999997,6177
2026-08-26T00:15:00+00:00,185.90499999999997,185.92599999999996,185.87899999999996,185.88599999999997,5232
2026-08-26T00:30:00+00:00,185.88599999999997,185.88899999999998,185.79399999999995,185.81599999999997,5342
2026-08-26T00:45:00+00:00,185.81599999999997,185.82699999999997,185.76299999999998,185.80099999999996,6492
2026-08-26T01:00:00+00:00,185.80099999999996,185.81299999999996,185.76599999999996,185.77499999999998,5913
2026-08-26T01:15:00+00:00,185.77499999999998,185.79199999999997,185.74999999999997,185.76199999999997,4226
2026-08-26T01:30:00+00:00,185.76199999999997,185.77899999999997,185.65899999999996,185.66799999999998,7906
2026-08-26T01:45:00+00:00,185.66799999999998,185.67899999999997,185.54699999999997,185.62799999999996,8391
2026-08-26T02:00:00+00:00,185.62799999999996,185.62899999999996,185.46299999999997,185.55299999999997,8449
2026-08-26T02:15:00+00:00,185.55299999999997,185.56399999999996,185.47699999999998,185.51999999999995,6428
2026-08-26T02:30:00+00:00,185.51999999999995,185.57799999999997,185.51999999999995,185.55799999999996,5267
2026-08-26T02:45:00+00:00,185.55799999999996,185.59999999999997,185.54599999999996,185.57399999999996,5106
2026-08-26T03:00:00+00:00,185.57399999999996,185.57399999999996,185.50899999999996,185.53899999999996,3899
2026-08-26T03:15:00+00:00,185.53899999999996,185.54699999999997,185.46999999999997,185.48899999999998,5708
2026-08-26T03:30:00+00:00,185.48899999999998,185.48899999999998,185.35899999999998,185.45399999999998,6842
2026-08-26T03:45:00+00:00,185.45399999999998,185.46099999999996,185.40799999999996,185.43599999999998,4794
2026-08-26T04:00:00+00:00,185.43599999999998,185.48299999999998,185.41699999999997,185.47999999999996,3715
2026-08-26T04:15:00+00:00,185.47999999999996,185.48699999999997,185.42999999999998,185.47599999999997,6005
2026-08-26T04:30:00+00:00,185.47599999999997,185.47599999999997,185.41799999999998,185.43599999999998,4277
2026-08-26T04:45:00+00:00,185.43599999999998,185.49199999999996,185.42699999999996,185.47999999999996,5611
2026-08-26T05:00:00+00:00,185.47999999999996,185.50499999999997,185.45199999999997,185.45199999999997,3816
2026-08-26T05:15:00+00:00,185.45199999999997,185.50599999999997,185.45099999999996,185.49999999999997,3683
2026-08-26T05:30:00+00:00,185.49999999999997,185.50399999999996,185.46299999999997,185.46899999999997,4647
2026-08-26T05:45:00+00:00,185.46899999999997,185.49999999999997,185.45399999999998,185.49199999999996,3517
2026-08-26T06:00:00+00:00,185.49199999999996,185.56899999999996,185.47499999999997,185.53099999999998,5470
2026-08-26T06:15:00+00:00,185.53099999999998,185.54699999999997,185.50299999999996,185.50299999999996,5249
2026-08-26T06:30:00+00:00,185.50299999999996,185.58899999999997,185.49699999999996,185.57599999999996,5130
2026-08-26T06:45:00+00:00,185.57599999999996,185.58899999999997,185.55799999999996,185.58199999999997,4750
2026-08-26T07:00:00+00:00,185.58199999999997,185.60099999999997,185.51199999999997,185.55399999999997,6872
2026-08-26T07:15:00+00:00,185.55399999999997,185.61799999999997,185.55399999999997,185.61699999999996,5046
2026-08-26T07:30:00+00:00,185.61699999999996,185.62699999999998,185.57399999999996,185.59099999999998,4931
2026-08-26T07:45:00+00:00,185.59099999999998,185.60799999999998,185.52699999999996,185.60099999999997,5617
2026-08-26T08:00:00+00:00,185.60099999999997,185.61699999999996,185.52699999999996,185.61299999999997,6713
2026-08-26T08:15:00+00:00,185.61299999999997,185.64899999999997,185.58499999999998,185.62699999999998,6395
2026-08-26T08:30:00+00:00,185.62699999999998,185.64599999999996,185.57999999999996,185.61299999999997,5816
2026-08-26T08:45:00+00:00,185.61299999999997,185.61599999999996,185.57599999999996,185.60199999999998,6578
2026-08-26T09:00:00+00:00,185.60199999999998,185.61699999999996,185.53399999999996,185.54599999999996,4900
2026-08-26T09:15:00+00:00,185.54599999999996,185.54899999999998,185.46199999999996,185.47599999999997,6421
2026-08-26T09:30:00+00:00,185.47599999999997,185.52099999999996,185.47199999999998,185.47699999999998,4808
2026-08-26T09:45:00+00:00,185.47699999999998,185.51799999999997,185.46999999999997,185.49699999999996,5539
2026-08-26T10:00:00+00:00,185.49699999999996,185.51599999999996,185.47999999999996,185.50599999999997,4596
2026-08-26T10:15:00+00:00,185.50599999999997,185.53599999999997,185.48599999999996,185.50299999999996,5036
2026-08-26T10:30:00+00:00,185.50299999999996,185.55499999999998,185.48099999999997,185.55199999999996,4274
2026-08-26T10:45:00+00:00,185.55199999999996,185.58699999999996,185.53499999999997,185.54999999999995,5776
2026-08-26T11:00:00+00:00,185.54999999999995,185.62399999999997,185.54299999999998,185.61499999999998,4276
2026-08-26T11:15:00+00:00,185.61499999999998,185.62799999999996,185.57999999999996,185.61799999999997,5127
2026-08-26T11:30:00+00:00,185.61799999999997,185.65899999999996,185.61299999999997,185.64499999999995,5818
2026-08-26T11:45:00+00:00,185.64499999999995,185.66899999999995,185.63799999999998,185.64899999999997,5360
2026-08-26T12:00:00+00:00,185.64899999999997,185.69199999999998,185.61799999999997,185.68399999999997,6670
2026-08-26T12:15:00+00:00,185.68399999999997,185.68899999999996,185.54799999999997,185.54799999999997,6067
2026-08-26T12:30:00+00:00,185.54799999999997,185.66999999999996,185.52299999999997,185.62699999999998,5957
2026-08-26T12:45:00+00:00,185.62699999999998,185.70799999999997,185.61099999999996,185.61699999999996,8364
2026-08-26T13:00:00+00:00,185.61699999999996,185.68899999999996,185.60599999999997,185.68099999999995,8599
2026-08-26T13:15:00+00:00,185.68099999999995,185.70399999999998,185.65999999999997,185.69599999999997,7557
2026-08-26T13:30:00+00:00,185.69599999999997,185.76999999999995,185.68299999999996,185.75399999999996,9228
2026-08-26T13:45:00+00:00,185.75399999999996,185.76599999999996,185.71299999999997,185.75199999999998,9498
2026-08-26T14:00:00+00:00,185.75199999999998,185.75399999999996,185.69099999999997,185.71999999999997,9204
2026-08-26T14:15:00+00:00,185.71999999999997,185.72299999999996,185.62299999999996,185.62799999999996,8719
2026-08-26T14:30:00+00:00,185.62799999999996,185.69799999999998,185.62399999999997,185.65299999999996,7772
2026-08-26T14:45:00+00:00,185.65299999999996,185.67799999999997,185.61799999999997,185.64899999999997,9098
2026-08-26T15:00:00+00:00,185.64899999999997,185.70199999999997,185.64299999999997,185.68099999999995,7315
2026-08-26T15:15:00+00:00,185.68099999999995,185.71399999999997,185.66299999999995,185.71399999999997,5872
2026-08-26T15:30:00+00:00,185.71399999999997,185.71899999999997,185.68599999999998,185.70399999999998,5144
2026-08-26T15:45:00+00:00,185.70399999999998,185.70399999999998,185.66199999999998,185.68399999999997,8707
2026-08-26T16:00:00+00:00,185.68399999999997,185.71199999999996,185.66499999999996,185.68299999999996,5983
2026-08-26T16:15:00+00:00,185.68299999999996,185.70399999999995,185.66399999999996,185.69599999999994,6349
2026-08-26T16:30:00+00:00,185.69599999999994,185.72099999999995,185.67399999999995,185.69899999999996,4845
2026-08-26T16:45:00+00:00,185.69899999999996,185.76099999999997,185.69199999999995,185.73399999999995,5697
2026-08-26T17:00:00+00:00,185.73399999999995,185.74099999999996,185.72199999999995,185.74099999999996,4938
2026-08-26T17:15:00+00:00,185.74099999999996,185.74499999999995,185.71599999999995,185.73799999999994,4584
2026-08-26T17:30:00+00:00,185.73799999999994,185.75799999999995,185.72699999999995,185.75599999999994,3351
2026-08-26T17:45:00+00:00,185.75599999999994,185.77399999999994,185.73999999999995,185.75599999999994,3816
2026-08-26T18:00:00+00:00,185.75599999999994,185.76799999999994,185.73399999999995,185.75799999999995,5448
2026-08-26T18:15:00+00:00,185.75799999999995,185.76699999999997,185.74799999999996,185.75499999999997,5039
2026-08-26T18:30:00+00:00,185.75499999999997,185.76299999999995,185.74299999999997,185.75399999999996,2795
2026-08-26T18:45:00+00:00,185.75399999999996,185.76099999999997,185.71499999999997,185.73899999999998,4563
2026-08-26T19:00:00+00:00,185.73899999999998,185.75099999999998,185.70799999999997,185.712,4205
2026-08-26T19:15:00+00:00,185.712,185.74399999999997,185.712,185.736,4966
2026-08-26T19:30:00+00:00,185.736,185.73799999999997,185.68599999999998,185.694,4370
2026-08-26T19:45:00+00:00,185.694,185.71999999999997,185.68499999999997,185.70999999999998,5957
2026-08-26T20:00:00+00:00,185.70999999999998,185.73,185.688,185.68899999999996,3208
2026-08-26T20:15:00+00:00,185.68899999999996,185.69699999999997,185.66499999999996,185.66699999999997,2100
2026-08-26T20:30:00+00:00,185.66699999999997,185.68999999999997,185.66299999999998,185.66899999999998,1696
2026-08-26T20:45:00+00:00,185.66899999999998,185.68499999999997,185.60599999999997,185.60599999999997,4835
2026-08-26T21:00:00+00:00,185.60599999999997,185.60599999999997,185.53799999999998,185.55599999999998,211
2026-08-26T21:15:00+00:00,185.55599999999998,185.628,185.55599999999998,185.623,309
2026-08-26T21:30:00+00:00,185.623,185.62699999999998,185.599,185.62599999999998,740
2026-08-26T21:45:00+00:00,185.62599999999998,185.63299999999998,185.60199999999998,185.61499999999998,778
2026-08-26T22:00:00+00:00,185.61499999999998,185.68699999999998,185.61499999999998,185.67,891
2026-08-26T22:15:00+00:00,185.67,185.67099999999996,185.63799999999998,185.64399999999998,571
2026-08-26T22:30:00+00:00,185.64399999999998,185.65599999999998,185.62199999999999,185.62599999999998,494
2026-08-26T22:45:00+00:00,185.62599999999998,185.63799999999998,185.611,185.63699999999997,505
2026-08-26T23:00:00+00:00,185.63699999999997,185.63799999999998,185.58899999999997,185.60699999999997,1261
2026-08-26T23:15:00+00:00,185.60699999999997,185.623,185.59199999999998,185.61599999999999,1414
2026-08-26T23:30:00+00:00,185.61599999999999,185.63699999999997,185.60899999999998,185.63699999999997,1050
2026-08-26T23:45:00+00:00,185.63699999999997,185.65099999999998,185.61499999999998,185.629,1268
2026-08-27T00:00:00+00:00,185.629,185.635,185.49599999999998,185.51399999999998,7200
2026-08-27T00:15:00+00:00,185.51399999999998,185.55399999999997,185.498,185.54099999999997,4714
2026-08-27T00:30:00+00:00,185.54099999999997,185.563,185.49499999999998,185.50499999999997,4474
2026-08-27T00:45:00+00:00,185.50499999999997,185.58199999999997,185.48199999999997,185.56799999999998,6090
2026-08-27T01:00:00+00:00,185.56799999999998,185.59599999999998,185.56099999999998,185.56599999999997,4695
2026-08-27T01:15:00+00:00,185.56599999999997,185.623,185.55499999999998,185.564,4434
2026-08-27T01:30:00+00:00,185.564,185.70299999999997,185.54199999999997,185.624,6118
2026-08-27T01:45:00+00:00,185.624,185.68399999999997,185.618,185.67799999999997,4631
2026-08-27T02:00:00+00:00,185.67799999999997,185.748,185.677,185.73399999999998,3989
2026-08-27T02:15:00+00:00,185.73399999999998,185.78799999999998,185.73199999999997,185.773,3568
2026-08-27T02:30:00+00:00,185.773,185.79899999999998,185.725,185.743,3126
2026-08-27T02:45:00+00:00,185.743,185.753,185.7,185.737,4295
2026-08-27T03:00:00+00:00,185.737,185.75699999999998,185.70899999999997,185.712,3689
2026-08-27T03:15:00+00:00,185.712,185.73899999999998,185.70899999999997,185.73,2172
2026-08-27T03:30:00+00:00,185.73,185.754,185.72599999999997,185.73,2534
2026-08-27T03:45:00+00:00,185.73,185.75099999999998,185.72899999999998,185.73199999999997,1996
2026-08-27T04:00:00+00:00,185.73199999999997,185.759,185.72699999999998,185.75799999999998,2031
2026-08-27T04:15:00+00:00,185.75799999999998,185.771,185.75199999999998,185.767,1913
2026-08-27T04:30:00+00:00,185.767,185.778,185.753,185.753,1750
2026-08-27T04:45:00+00:00,185.753,185.78599999999997,185.743,185.767,2414
2026-08-27T05:00:00+00:00,185.767,185.796,185.743,185.759,3095
2026-08-27T05:15:00+00:00,185.759,185.761,185.718,185.72299999999998,3365
2026-08-27T05:30:00+00:00,185.72299999999998,185.743,185.70499999999998,185.73,4040
2026-08-27T05:45:00+00:00,185.73,185.76,185.71999999999997,185.75599999999997,4446
2026-08-27T06:00:00+00:00,185.75599999999997,185.75599999999997,185.71999999999997,185.73299999999998,4352
2026-08-27T06:15:00+00:00,185.73299999999998,185.75099999999998,185.725,185.74499999999998,3588
2026-08-27T06:30:00+00:00,185.74499999999998,185.772,185.72199999999998,185.72299999999998,4219
2026-08-27T06:45:00+00:00,185.72299999999998,185.74499999999998,185.72099999999998,185.73299999999998,4378
2026-08-27T07:00:00+00:00,185.73299999999998,185.74499999999998,185.682,185.69099999999997,5347
2026-08-27T07:15:00+00:00,185.69099999999997,185.701,185.65499999999997,185.677,4179
2026-08-27T07:30:00+00:00,185.677,185.73499999999999,185.66899999999998,185.73,3830
2026-08-27T07:45:00+00:00,185.73,185.761,185.713,185.753,4748
2026-08-27T08:00:00+00:00,185.753,185.761,185.701,185.706,5022
2026-08-27T08:15:00+00:00,185.706,185.72099999999998,185.65099999999998,185.65599999999998,4975
2026-08-27T08:30:00+00:00,185.65599999999998,185.67999999999998,185.61999999999998,185.63899999999998,5340
2026-08-27T08:45:00+00:00,185.63899999999998,185.641,185.59599999999998,185.60699999999997,5225
2026-08-27T09:00:00+00:00,185.60699999999997,185.635,185.55999999999997,185.62099999999998,5555
2026-08-27T09:15:00+00:00,185.62099999999998,185.67299999999997,185.60899999999998,185.66599999999997,4962
2026-08-27T09:30:00+00:00,185.66599999999997,185.707,185.648,185.69299999999998,5568
2026-08-27T09:45:00+00:00,185.69299999999998,185.72299999999998,185.66799999999998,185.67499999999998,4526
2026-08-27T10:00:00+00:00,185.67499999999998,185.701,185.64899999999997,185.689,4788
2026-08-27T10:15:00+00:00,185.689,185.72799999999998,185.664,185.71499999999997,3957
2026-08-27T10:30:00+00:00,185.71499999999997,185.73,185.647,185.67799999999997,5064
2026-08-27T10:45:00+00:00,185.67799999999997,185.689,185.64399999999998,185.65699999999998,4090
2026-08-27T11:00:00+00:00,185.65699999999998,185.677,185.64,185.642,4024
2026-08-27T11:15:00+00:00,185.642,185.665,185.63099999999997,185.65599999999998,3772
2026-08-27T11:30:00+00:00,185.65599999999998,185.67899999999997,185.59699999999998,185.642,5847
2026-08-27T11:45:00+00:00,185.642,185.67,185.624,185.63099999999997,6912
2026-08-27T12:00:00+00:00,185.63099999999997,185.66299999999998,185.612,185.61499999999998,6942
2026-08-27T12:15:00+00:00,185.61499999999998,185.648,185.57199999999997,185.63099999999997,6574
2026-08-27T12:30:00+00:00,185.63099999999997,185.64499999999998,185.58999999999997,185.628,5994
2026-08-27T12:45:00+00:00,185.628,185.65099999999998,185.58999999999997,185.599,6096
2026-08-27T13:00:00+00:00,185.599,185.76199999999997,185.588,185.75599999999997,6936
2026-08-27T13:15:00+00:00,185.75599999999997,185.838,185.743,185.82099999999997,7559
2026-08-27T13:30:00+00:00,185.82099999999997,185.83499999999998,185.73399999999998,185.761,7151
2026-08-27T13:45:00+00:00,185.761,185.79899999999998,185.731,185.74699999999999,8093
2026-08-27T14:00:00+00:00,185.74699999999999,185.754,185.677,185.68699999999998,9160
2026-08-27T14:15:00+00:00,185.68699999999998,185.70299999999997,185.642,185.64399999999998,6232
2026-08-27T14:30:00+00:00,185.64399999999998,185.68599999999998,185.63799999999998,185.67399999999998,6362
2026-08-27T14:45:00+00:00,185.67399999999998,185.688,185.516,185.55999999999997,8469
2026-08-27T15:00:00+00:00,185.55999999999997,185.66999999999996,185.55299999999997,185.65499999999997,7267
2026-08-27T15:15:00+00:00,185.65499999999997,185.66299999999995,185.61299999999997,185.63199999999998,5259
2026-08-27T15:30:00+00:00,185.63199999999998,185.64999999999998,185.59699999999998,185.59799999999996,4969
2026-08-27T15:45:00+00:00,185.59799999999996,185.62399999999997,185.58499999999998,185.62399999999997,5406
2026-08-27T16:00:00+00:00,185.62399999999997,185.62499999999997,185.58399999999997,185.59399999999994,4655
2026-08-27T16:15:00+00:00,185.59399999999994,185.62599999999995,185.57399999999996,185.61099999999996,4154
2026-08-27T16:30:00+00:00,185.61099999999996,185.63799999999995,185.60799999999995,185.63499999999996,3326
2026-08-27T16:45:00+00:00,185.63499999999996,185.65699999999995,185.61799999999994,185.63999999999996,4024
2026-08-27T17:00:00+00:00,185.63999999999996,185.66499999999994,185.63299999999995,185.65499999999994,3127
2026-08-27T17:15:00+00:00,185.65499999999994,185.66099999999994,185.63599999999994,185.63899999999995,3358
2026-08-27T17:30:00+00:00,185.63899999999995,185.67199999999994,185.63899999999995,185.66499999999994,2625
2026-08-27T17:45:00+00:00,185.66499999999994,185.72199999999995,185.66099999999994,185.72099999999995,3545
2026-08-27T18:00:00+00:00,185.72099999999995,185.74599999999995,185.71599999999995,185.72299999999996,4529
2026-08-27T18:15:00+00:00,185.72299999999996,185.72999999999996,185.70099999999994,185.70599999999996,2582
2026-08-27T18:30:00+00:00,185.70599999999996,185.73299999999995,185.70599999999996,185.73199999999994,2271
2026-08-27T18:45:00+00:00,185.73199999999994,185.75599999999994,185.73099999999994,185.74999999999994,2462
2026-08-27T19:00:00+00:00,185.74999999999994,185.76399999999995,185.72999999999996,185.75699999999995,3067
2026-08-27T19:15:00+00:00,185.75699999999995,185.77499999999995,185.73999999999995,185.75099999999995,1718
2026-08-27T19:30:00+00:00,185.75099999999995,185.75699999999995,185.73399999999995,185.73899999999995,1487
2026-08-27T19:45:00+00:00,185.73899999999995,185.74399999999994,185.70999999999995,185.73699999999994,3354
2026-08-27T20:00:00+00:00,185.73699999999994,185.77699999999996,185.73199999999994,185.75099999999995,1838
2026-08-27T20:15:00+00:00,185.75099999999995,185.75099999999995,185.72399999999996,185.72599999999994,1731
2026-08-27T20:30:00+00:00,185.72599999999994,185.74299999999994,185.72599999999994,185.73199999999994,782
2026-08-27T20:45:00+00:00,185.73199999999994,185.76499999999996,185.72699999999995,185.75499999999994,1808
2026-08-27T21:00:00+00:00,185.75499999999994,185.75499999999994,185.573,185.721,136
2026-08-27T21:15:00+00:00,185.721,185.742,185.707,185.741,540
2026-08-27T21:30:00+00:00,185.741,185.746,185.724,185.733,445
2026-08-27T21:45:00+00:00,185.733,185.74,185.678,185.683,724
2026-08-27T22:00:00+00:00,185.683,185.736,185.683,185.707,672
2026-08-27T22:15:00+00:00,185.707,185.732,185.699,185.725,601
2026-08-27T22:30:00+00:00,185.725,185.733,185.703,185.705,647
2026-08-27T22:45:00+00:00,185.705,185.714,185.697,185.698,453
2026-08-27T23:00:00+00:00,185.698,185.722,185.696,185.711,640
2026-08-27T23:15:00+00:00,185.711,185.717,185.68,185.685,673
2026-08-27T23:30:00+00:00,185.685,185.703,185.678,185.681,852
2026-08-27T23:45:00+00:00,185.681,185.689,185.647,185.655,1174
2026-08-28T00:00:00+00:00,185.655,185.695,185.641,185.68,3524
2026-08-28T00:15:00+00:00,185.68,185.713,185.678,185.698,3320
2026-08-28T00:30:00+00:00,185.698,185.701,185.662,185.681,3230
2026-08-28T00:45:00+00:00,185.681,185.711,185.651,185.71,4650
2026-08-28T01:00:00+00:00,185.71,185.726,185.689,185.691,4482
2026-08-28T01:15:00+00:00,185.691,185.714,185.672,185.712,3847
2026-08-28T01:30:00+00:00,185.712,185.754,185.703,185.753,3142
2026-08-28T01:45:00+00:00,185.753,185.766,185.722,185.733,4620
2026-08-28T02:00:00+00:00,185.733,185.753,185.707,185.716,2959
2026-08-28T02:15:00+00:00,185.716,185.72,185.664,185.679,2593
2026-08-28T02:30:00+00:00,185.679,185.727,185.679,185.714,3065
2026-08-28T02:45:00+00:00,185.714,185.758,185.713,185.757,2432
2026-08-28T03:00:00+00:00,185.757,185.777,185.749,185.777,1861
2026-08-28T03:15:00+00:00,185.777,185.781,185.742,185.757,1736
2026-08-28T03:30:00+00:00,185.757,185.767,185.708,185.712,2091
2026-08-28T03:45:00+00:00,185.712,185.73,185.696,185.702,1996
2026-08-28T04:00:00+00:00,185.702,185.73,185.7,185.711,2357
2026-08-28T04:15:00+00:00,185.711,185.74,185.708,185.726,1488
2026-08-28T04:30:00+00:00,185.726,185.742,185.717,185.728,1514
2026-08-28T04:45:00+00:00,185.728,185.757,185.725,185.742,2092
2026-08-28T05:00:00+00:00,185.742,185.777,185.738,185.772,3241
2026-08-28T05:15:00+00:00,185.772,185.793,185.758,185.769,1777
2026-08-28T05:30:00+00:00,185.769,185.784,185.744,185.751,2729
2026-08-28T05:45:00+00:00,185.751,185.762,185.729,185.757,2474
2026-08-28T06:00:00+00:00,185.757,185.793,185.753,185.758,4634
2026-08-28T06:15:00+00:00,185.758,185.761,185.707,185.747,4318
2026-08-28T06:30:00+00:00,185.747,185.77,185.687,185.723,5419
2026-08-28T06:45:00+00:00,185.723,185.726,185.682,185.697,4214
2026-08-28T07:00:00+00:00,185.697,185.709,185.665,185.686,4321
2026-08-28T07:15:00+00:00,185.686,185.726,185.648,185.651,4922
2026-08-28T07:30:00+00:00,185.651,185.716,185.648,185.713,3899
2026-08-28T07:45:00+00:00,185.713,185.788,185.694,185.761,3674
2026-08-28T08:00:00+00:00,185.761,185.844,185.759,185.842,3920
2026-08-28T08:15:00+00:00,185.842,185.853,185.778,185.807,4215
2026-08-28T08:30:00+00:00,185.807,185.826,185.767,185.78,4074
2026-08-28T08:45:00+00:00,185.78,185.827,185.771,185.811,3628
2026-08-28T09:00:00+00:00,185.811,185.855,185.8,185.844,3933
2026-08-28T09:15:00+00:00,185.844,185.876,185.829,185.855,3926
2026-08-28T09:30:00+00:00,185.855,185.884,185.851,185.865,3434
2026-08-28T09:45:00+00:00,185.865,185.885,185.85,185.874,3553
2026-08-28T10:00:00+00:00,185.874,185.892,185.855,185.876,4011
2026-08-28T10:15:00+00:00,185.876,185.923,185.863,185.923,3548
2026-08-28T10:30:00+00:00,185.923,185.953,185.917,185.946,2911
2026-08-28T10:45:00+00:00,185.946,185.977,185.935,185.961,3322
2026-08-28T11:00:00+00:00,185.961,185.974,185.941,185.948,3181
2026-08-28T11:15:00+00:00,185.948,185.973,185.928,185.945,3504
2026-08-28T11:30:00+00:00,185.945,185.987,185.94,185.981,3313
2026-08-28T11:45:00+00:00,185.981,185.987,185.919,185.919,3320
2026-08-28T12:00:00+00:00,185.919,185.931,185.888,185.897,4072
2026-08-28T12:15:00+00:00,185.897,185.898,185.807,185.812,4006
2026-08-28T12:30:00+00:00,185.812,185.829,185.791,185.805,4781
2026-08-28T12:45:00+00:00,185.805,185.921,185.795,185.89,6755
2026-08-28T13:00:00+00:00,185.89,185.914,185.855,185.891,5079
2026-08-28T13:15:00+00:00,185.891,185.907,185.848,185.867,4713
2026-08-28T13:30:00+00:00,185.867,185.876,185.832,185.855,4893
2026-08-28T13:45:00+00:00,185.855,185.869,185.798,185.819,5644
2026-08-28T14:00:00+00:00,185.819,185.856,185.455,185.635,18491
2026-08-28T14:15:00+00:00,185.635,185.664,185.429,185.498,19227
2026-08-28T14:30:00+00:00,185.498,185.642,185.479,185.57,14857
2026-08-28T14:45:00+00:00,185.57,185.807,185.547,185.73,14419
2026-08-28T15:00:00+00:00,185.73,185.757,185.618,185.688,10672
2026-08-28T15:15:00+00:00,185.688,185.719,185.628,185.639,8782
2026-08-28T15:30:00+00:00,185.639,185.664,185.589,185.648,8717
2026-08-28T15:45:00+00:00,185.648,185.665,185.52,185.541,9740
2026-08-28T16:00:00+00:00,185.541,185.557,185.505,185.516,8104
2026-08-28T16:15:00+00:00,185.516,185.555,185.491,185.531,8661
2026-08-28T16:30:00+00:00,185.531,185.597,185.531,185.589,7370
2026-08-28T16:45:00+00:00,185.589,185.647,185.581,185.617,6065
2026-08-28T17:00:00+00:00,185.617,185.618,185.54,185.576,6005
2026-08-28T17:15:00+00:00,185.576,185.588,185.544,185.552,4637
2026-08-28T17:30:00+00:00,185.552,185.564,185.481,185.512,4164
2026-08-28T17:45:00+00:00,185.512,185.513,185.476,185.503,4737
2026-08-28T18:00:00+00:00,185.503,185.506,185.469,185.478,5053
2026-08-28T18:15:00+00:00,185.478,185.509,185.467,185.495,4076
2026-08-28T18:30:00+00:00,185.495,185.503,185.453,185.462,3172
2026-08-28T18:45:00+00:00,185.462,185.468,185.437,185.444,3850
2026-08-28T19:00:00+00:00,185.444,185.454,185.385,185.438,4645
2026-08-28T19:15:00+00:00,185.438,185.459,185.435,185.454,2845
2026-08-28T19:30:00+00:00,185.454,185.493,185.454,185.483,3021
2026-08-28T19:45:00+00:00,185.483,185.499,185.45,185.465,3408
2026-08-28T20:00:00+00:00,185.465,185.477,185.434,185.46,2596
2026-08-28T20:15:00+00:00,185.46,185.469,185.422,185.434,1474
2026-08-28T20:30:00+00:00,185.434,185.444,185.415,185.439,1917
2026-08-28T20:45:00+00:00,185.439,185.446,185.4,185.421,2364
2026-08-30T21:00:00+00:00,185.296,185.29899999999998,185.253,185.29899999999998,107
2026-08-30T21:15:00+00:00,185.29899999999998,185.321,185.29299999999998,185.309,184
2026-08-30T21:30:00+00:00,185.309,185.334,185.285,185.334,90
2026-08-30T21:45:00+00:00,185.334,185.402,185.321,185.393,485
2026-08-30T22:00:00+00:00,185.393,185.482,185.384,185.462,1403
2026-08-30T22:15:00+00:00,185.462,185.476,185.434,185.445,860
2026-08-30T22:30:00+00:00,185.445,185.48399999999998,185.438,185.441,1159
2026-08-30T22:45:00+00:00,185.441,185.48499999999999,185.44,185.48,697
2026-08-30T23:00:00+00:00,185.48,185.569,185.48,185.554,1985
2026-08-30T23:15:00+00:00,185.554,185.582,185.54999999999998,185.559,1673
2026-08-30T23:30:00+00:00,185.559,185.564,185.535,185.56199999999998,1669
2026-08-30T23:45:00+00:00,185.56199999999998,185.57399999999998,185.529,185.551,2164
2026-08-31T00:00:00+00:00,185.551,185.554,185.456,185.471,6692
2026-08-31T00:15:00+00:00,185.471,185.481,185.427,185.444,5584
2026-08-31T00:30:00+00:00,185.444,185.512,185.424,185.499,4411
2026-08-31T00:45:00+00:00,185.499,185.522,185.427,185.434,7437
2026-08-31T01:00:00+00:00,185.434,185.451,185.326,185.365,7576
2026-08-31T01:15:00+00:00,185.365,185.373,185.216,185.242,7560
2026-08-31T01:30:00+00:00,185.242,185.298,185.222,185.27,5198
2026-08-31T01:45:00+00:00,185.27,185.287,185.223,185.246,5113
2026-08-31T02:00:00+00:00,185.246,185.275,185.223,185.223,5372
2026-08-31T02:15:00+00:00,185.223,185.235,185.166,185.205,4570
2026-08-31T02:30:00+00:00,185.205,185.237,185.176,185.187,4296
2026-08-31T02:45:00+00:00,185.187,185.237,185.186,185.219,4012
2026-08-31T03:00:00+00:00,185.219,185.236,185.191,185.21,3761
2026-08-31T03:15:00+00:00,185.21,185.251,185.203,185.242,3242
2026-08-31T03:30:00+00:00,185.242,185.271,185.224,185.245,3900
2026-08-31T03:45:00+00:00,185.245,185.246,185.214,185.232,2745
2026-08-31T04:00:00+00:00,185.232,185.239,185.183,185.21,3916
2026-08-31T04:15:00+00:00,185.21,185.231,185.195,185.214,3955
2026-08-31T04:30:00+00:00,185.214,185.231,185.175,185.184,4431
2026-08-31T04:45:00+00:00,185.184,185.215,185.178,185.209,4306
2026-08-31T05:00:00+00:00,185.209,185.218,185.165,185.191,3331
2026-08-31T05:15:00+00:00,185.191,185.231,185.181,185.198,4291
2026-08-31T05:30:00+00:00,185.198,185.219,185.173,185.216,4138
2026-08-31T05:45:00+00:00,185.216,185.262,185.212,185.248,4129
2026-08-31T06:00:00+00:00,185.248,185.254,185.187,185.2,4811
2026-08-31T06:15:00+00:00,185.2,185.247,185.187,185.239,4733
2026-08-31T06:30:00+00:00,185.239,185.306,185.232,185.243,5852
2026-08-31T06:45:00+00:00,185.243,185.267,185.178,185.189,5445
2026-08-31T07:00:00+00:00,185.189,185.203,185.031,185.041,7691
2026-08-31T07:15:00+00:00,185.041,185.052,184.921,185.035,9873
2026-08-31T07:30:00+00:00,185.035,185.154,185.013,185.152,7931
2026-08-31T07:45:00+00:00,185.152,185.165,185.122,185.147,6550
2026-08-31T08:00:00+00:00,185.147,185.147,185.054,185.071,8062
2026-08-31T08:15:00+00:00,185.071,185.13,185.041,185.127,6191
2026-08-31T08:30:00+00:00,185.127,185.168,185.121,185.166,6109
2026-08-31T08:45:00+00:00,185.166,185.209,185.144,185.203,6272
2026-08-31T09:00:00+00:00,185.203,185.281,185.186,185.255,5384
2026-08-31T09:15:00+00:00,185.255,185.275,185.216,185.223,4688
2026-08-31T09:30:00+00:00,185.223,185.258,185.221,185.238,4294
2026-08-31T09:45:00+00:00,185.238,185.288,185.235,185.277,4078
2026-08-31T10:00:00+00:00,185.277,185.321,185.26,185.294,5476
2026-08-31T10:15:00+00:00,185.294,185.329,185.292,185.314,3957
2026-08-31T10:30:00+00:00,185.314,185.326,185.255,185.256,4418
2026-08-31T10:45:00+00:00,185.256,185.267,185.234,185.236,4722
2026-08-31T11:00:00+00:00,185.236,185.249,185.195,185.203,5824
2026-08-31T11:15:00+00:00,185.203,185.238,185.194,185.201,5671
2026-08-31T11:30:00+00:00,185.201,185.234,185.185,185.217,5889
2026-08-31T11:45:00+00:00,185.217,185.226,185.19,185.198,5115
2026-08-31T12:00:00+00:00,185.198,185.228,185.176,185.226,6095
2026-08-31T12:15:00+00:00,185.226,185.292,185.214,185.284,7704
2026-08-31T12:30:00+00:00,185.284,185.337,185.269,185.297,7491
2026-08-31T12:45:00+00:00,185.297,185.392,185.287,185.38,6184
2026-08-31T13:00:00+00:00,185.38,185.407,185.355,185.387,6434
2026-08-31T13:15:00+00:00,185.387,185.405,185.331,185.355,7270
2026-08-31T13:30:00+00:00,185.355,185.398,185.331,185.346,7903
2026-08-31T13:45:00+00:00,185.346,185.393,185.327,185.392,8756
2026-08-31T14:00:00+00:00,185.392,185.42,185.343,185.396,6872
2026-08-31T14:15:00+00:00,185.396,185.418,185.376,185.389,5906
2026-08-31T14:30:00+00:00,185.389,185.419,185.251,185.375,10015
2026-08-31T14:45:00+00:00,185.375,185.554,185.371,185.488,12887
2026-08-31T15:00:00+00:00,185.488,185.55,185.481,185.535,9344
2026-08-31T15:15:00+00:00,185.535,185.6,185.507,185.578,6043
2026-08-31T15:30:00+00:00,185.578,185.62,185.559,185.565,5936
2026-08-31T15:45:00+00:00,185.565,185.581,185.553,185.566,5389
2026-08-31T16:00:00+00:00,185.566,185.566,185.487,185.497,5693
2026-08-31T16:15:00+00:00,185.497,185.518,185.48,185.507,5234
2026-08-31T16:30:00+00:00,185.507,185.535,185.48,185.49,4873
2026-08-31T16:45:00+00:00,185.49,185.504,185.469,185.496,4536
2026-08-31T17:00:00+00:00,185.496,185.516,185.48,185.503,2859
2026-08-31T17:15:00+00:00,185.503,185.519,185.488,185.496,3393
2026-08-31T17:30:00+00:00,185.496,185.515,185.486,185.501,4070
2026-08-31T17:45:00+00:00,185.501,185.515,185.488,185.488,4441
2026-08-31T18:00:00+00:00,185.488,185.521,185.474,185.52,4853
2026-08-31T18:15:00+00:00,185.52,185.536,185.499,185.518,3522
2026-08-31T18:30:00+00:00,185.518,185.596,185.518,185.592,4869
2026-08-31T18:45:00+00:00,185.592,185.625,185.577,185.612,5625
2026-08-31T19:00:00+00:00,185.612,185.62,185.582,185.588,5976
2026-08-31T19:15:00+00:00,185.588,185.592,185.552,185.559,4935
2026-08-31T19:30:00+00:00,185.559,185.596,185.537,185.596,4718
2026-08-31T19:45:00+00:00,185.596,185.612,185.573,185.574,6222
2026-08-31T20:00:00+00:00,185.574,185.587,185.542,185.544,2918
2026-08-31T20:15:00+00:00,185.544,185.555,185.541,185.553,1061
2026-08-31T20:30:00+00:00,185.553,185.573,185.552,185.565,1625
2026-08-31T20:45:00+00:00,185.565,185.576,185.557,185.564,2141
2026-08-31T21:00:00+00:00,185.564,185.589,185.498,185.587,97
2026-08-31T21:15:00+00:00,185.587,185.594,185.56,185.581,327
2026-08-31T21:30:00+00:00,185.581,185.607,185.569,185.599,353
2026-08-31T21:45:00+00:00,185.599,185.609,185.565,185.565,344
2026-08-31T22:00:00+00:00,185.565,185.625,185.565,185.593,1020
2026-08-31T22:15:00+00:00,185.593,185.594,185.575,185.581,512
2026-08-31T22:30:00+00:00,185.581,185.593,185.573,185.577,721
2026-08-31T22:45:00+00:00,185.577,185.584,185.563,185.579,672
2026-08-31T23:00:00+00:00,185.579,185.615,185.578,185.613,1370
2026-08-31T23:15:00+00:00,185.613,185.614,185.581,185.608,958
2026-08-31T23:30:00+00:00,185.608,185.625,185.595,185.596,1350
2026-08-31T23:45:00+00:00,185.596,185.605,185.569,185.598,1820
2026-09-01T00:00:00+00:00,185.598,185.695,185.578,185.58,8682
2026-09-01T00:15:00+00:00,185.58,185.623,185.544,185.588,8230
2026-09-01T00:30:00+00:00,185.588,185.659,185.58,185.647,6358
2026-09-01T00:45:00+00:00,185.647,185.671,185.614,185.655,9130
2026-09-01T01:00:00+00:00,185.655,185.669,185.546,185.596,8600
2026-09-01T01:15:00+00:00,185.596,185.624,185.551,185.56,7960
2026-09-01T01:30:00+00:00,185.56,185.578,185.523,185.546,5854
2026-09-01T01:45:00+00:00,185.546,185.556,185.417,185.474,5871
2026-09-01T02:00:00+00:00,185.474,185.528,185.461,185.495,8201
2026-09-01T02:15:00+00:00,185.495,185.518,185.485,185.492,6924
2026-09-01T02:30:00+00:00,185.492,185.507,185.463,185.475,6253
2026-09-01T02:45:00+00:00,185.475,185.523,185.472,185.511,4908
2026-09-01T03:00:00+00:00,185.511,185.516,185.473,185.5,5342
2026-09-01T03:15:00+00:00,185.5,185.5,185.453,185.467,3759
2026-09-01T03:30:00+00:00,185.467,185.494,185.453,185.457,3621
2026-09-01T03:45:00+00:00,185.457,185.484,185.451,185.463,3689
2026-09-01T04:00:00+00:00,185.463,185.497,185.461,185.479,3455
2026-09-01T04:15:00+00:00,185.479,185.499,185.458,185.475,3276
2026-09-01T04:30:00+00:00,185.475,185.511,185.464,185.501,3129
2026-09-01T04:45:00+00:00,185.501,185.542,185.5,185.54,2765
2026-09-01T05:00:00+00:00,185.54,185.584,185.538,185.581,2641
2026-09-01T05:15:00+00:00,185.581,185.585,185.565,185.576,3107
2026-09-01T05:30:00+00:00,185.576,185.61,185.542,185.548,5658
2026-09-01T05:45:00+00:00,185.548,185.597,185.539,185.591,4960
2026-09-01T06:00:00+00:00,185.591,185.62,185.557,185.618,5735
2026-09-01T06:15:00+00:00,185.618,185.638,185.563,185.571,5365
2026-09-01T06:30:00+00:00,185.571,185.612,185.568,185.612,4775
2026-09-01T06:45:00+00:00,185.612,185.631,185.582,185.619,5688
2026-09-01T07:00:00+00:00,185.619,185.651,185.569,185.592,6626
2026-09-01T07:15:00+00:00,185.592,185.605,185.537,185.544,5196
2026-09-01T07:30:00+00:00,185.544,185.573,185.495,185.499,6204
2026-09-01T07:45:00+00:00,185.499,185.525,185.485,185.507,4648
2026-09-01T08:00:00+00:00,185.507,185.518,185.4,185.405,7654
2026-09-01T08:15:00+00:00,185.405,185.478,185.393,185.458,6182
2026-09-01T08:30:00+00:00,185.458,185.462,185.392,185.444,6183
2026-09-01T08:45:00+00:00,185.444,185.451,185.395,185.408,5671
2026-09-01T09:00:00+00:00,185.408,185.459,185.404,185.427,5860
2026-09-01T09:15:00+00:00,185.427,185.511,185.42,185.509,5860
2026-09-01T09:30:00+00:00,185.509,185.564,185.494,185.544,5426
2026-09-01T09:45:00+00:00,185.544,185.595,185.529,185.553,5176
2026-09-01T10:00:00+00:00,185.553,185.567,185.508,185.522,6251
2026-09-01T10:15:00+00:00,185.522,185.541,185.494,185.502,6750
2026-09-01T10:30:00+00:00,185.502,185.536,185.492,185.531,5533
2026-09-01T10:45:00+00:00,185.531,185.607,185.53,185.578,5272
2026-09-01T11:00:00+00:00,185.578,185.625,185.569,185.611,5087
2026-09-01T11:15:00+00:00,185.611,185.663,185.519,185.592,8273
2026-09-01T11:30:00+00:00,185.592,185.611,185.566,185.567,4816
2026-09-01T11:45:00+00:00,185.567,185.621,185.558,185.615,5342
2026-09-01T12:00:00+00:00,185.615,185.635,185.585,185.627,6787
2026-09-01T12:15:00+00:00,185.627,185.676,185.604,185.669,4931
2026-09-01T12:30:00+00:00,185.669,185.705,185.639,185.665,7103
2026-09-01T12:45:00+00:00,185.665,185.667,185.551,185.61,6285
2026-09-01T13:00:00+00:00,185.61,185.628,185.576,185.586,4758
2026-09-01T13:15:00+00:00,185.586,185.606,185.563,185.58,4858
2026-09-01T13:30:00+00:00,185.58,185.665,185.564,185.659,7209
2026-09-01T13:45:00+00:00,185.659,185.704,185.628,185.635,5963
2026-09-01T14:00:00+00:00,185.635,185.721,185.587,185.698,9747
2026-09-01T14:15:00+00:00,185.698,185.701,185.554,185.559,8906
2026-09-01T14:30:00+00:00,185.559,185.619,185.522,185.611,7036
2026-09-01T14:45:00+00:00,185.611,185.643,185.593,185.626,8644
2026-09-01T15:00:00+00:00,185.626,185.655,185.587,185.588,8590
2026-09-01T15:15:00+00:00,185.588,185.599,185.56,185.59,6153
2026-09-01T15:30:00+00:00,185.59,185.595,185.516,185.52,5195
2026-09-01T15:45:00+00:00,185.52,185.527,185.482,185.511,4987
2026-09-01T16:00:00+00:00,185.511,185.536,185.473,185.533,6606
2026-09-01T16:15:00+00:00,185.533,185.593,185.496,185.585,8091
2026-09-01T16:30:00+00:00,185.585,185.617,185.541,185.558,6118
2026-09-01T16:45:00+00:00,185.558,185.581,185.541,185.563,3866
2026-09-01T17:00:00+00:00,185.563,185.62,185.558,185.609,5063
2026-09-01T17:15:00+00:00,185.609,185.691,185.605,185.689,4923
2026-09-01T17:30:00+00:00,185.689,185.709,185.643,185.657,5586
2026-09-01T17:45:00+00:00,185.657,185.685,185.649,185.683,3403
2026-09-01T18:00:00+00:00,185.683,185.716,185.663,185.694,2894
2026-09-01T18:15:00+00:00,185.694,185.714,185.679,185.683,2421
2026-09-01T18:30:00+00:00,185.683,185.7,185.661,185.682,3426
2026-09-01T18:45:00+00:00,185.682,185.698,185.66,185.679,3902
2026-09-01T19:00:00+00:00,185.679,185.712,185.668,185.7,3735
2026-09-01T19:15:00+00:00,185.7,185.719,185.689,185.717,2200
2026-09-01T19:30:00+00:00,185.717,185.719,185.684,185.703,2842
2026-09-01T19:45:00+00:00,185.703,185.722,185.695,185.7,1864
2026-09-01T20:00:00+00:00,185.7,185.704,185.658,185.676,1701
2026-09-01T20:15:00+00:00,185.676,185.684,185.66,185.668,953
2026-09-01T20:30:00+00:00,185.668,185.699,185.662,185.69,1132
2026-09-01T20:45:00+00:00,185.69,185.713,185.671,185.674,1556
2026-09-01T21:00:00+00:00,185.674,185.674,185.574,185.62,118
2026-09-01T21:15:00+00:00,185.62,185.643,185.6,185.612,879
2026-09-01T21:30:00+00:00,185.612,185.674,185.599,185.642,1948
2026-09-01T21:45:00+00:00,185.642,185.655,185.625,185.647,809
2026-09-01T22:00:00+00:00,185.647,185.726,185.647,185.721,712
2026-09-01T22:15:00+00:00,185.721,185.726,185.698,185.713,328
2026-09-01T22:30:00+00:00,185.713,185.717,185.681,185.703,1381
2026-09-01T22:45:00+00:00,185.703,185.717,185.7,185.714,507
2026-09-01T23:00:00+00:00,185.714,185.746,185.713,185.731,682
2026-09-01T23:15:00+00:00,185.731,185.734,185.7,185.707,702
2026-09-01T23:30:00+00:00,185.707,185.712,185.667,185.685,1234
2026-09-01T23:45:00+00:00,185.685,185.717,185.679,185.68,2237
2026-09-02T00:00:00+00:00,185.68,185.688,185.619,185.649,7009
2026-09-02T00:15:00+00:00,185.649,185.673,185.595,185.609,6992
2026-09-02T00:30:00+00:00,185.609,185.684,185.597,185.629,5830
2026-09-02T00:45:00+00:00,185.629,185.675,185.612,185.665,6500
2026-09-02T01:00:00+00:00,185.665,185.691,185.644,185.647,4540
2026-09-02T01:15:00+00:00,185.647,185.675,185.638,185.646,3591
2026-09-02T01:30:00+00:00,185.646,185.668,185.624,185.643,3979
2026-09-02T01:45:00+00:00,185.643,185.693,185.642,185.68900000000002,3259
2026-09-02T02:00:00+00:00,185.68900000000002,185.692,185.67100000000002,185.67700000000002,227
